x-axis,2,3
second,Volt,Ampere
-59.60000E-03,,
-59.55000E-03,,
-59.50000E-03,-100.11000E-03,-55.48837E-03
-59.45000E-03,-100.11000E-03,-57.09641E-03
-59.40000E-03,-100.11000E-03,-58.90545E-03
-59.35000E-03,-100.11000E-03,-56.59390E-03
-59.30000E-03,-100.11000E-03,-57.14666E-03
-59.25000E-03,-100.11000E-03,-59.00596E-03
-59.20000E-03,-100.11000E-03,-55.38786E-03
-59.15000E-03,-103.62760E-03,-57.39792E-03
-59.10000E-03,-100.11000E-03,-57.90043E-03
-59.05000E-03,-100.11000E-03,-56.54364E-03
-59.00000E-03,-100.11000E-03,-57.49842E-03
-58.95000E-03,-100.11000E-03,-58.20194E-03
-58.90000E-03,-100.11000E-03,-57.09641E-03
-58.85000E-03,-100.11000E-03,-59.00596E-03
-58.80000E-03,-100.11000E-03,-59.00596E-03
-58.75000E-03,-100.11000E-03,-59.00596E-03
-58.70000E-03,-100.11000E-03,-59.00596E-03
-58.65000E-03,-100.11000E-03,-60.71450E-03
-58.60000E-03,-100.11000E-03,-58.40294E-03
-58.55000E-03,-100.11000E-03,-58.55369E-03
-58.50000E-03,-100.11000E-03,-59.00596E-03
-58.45000E-03,-100.11000E-03,-57.74967E-03
-58.40000E-03,-100.11000E-03,-58.85520E-03
-58.35000E-03,-100.11000E-03,-59.00596E-03
-58.30000E-03,-100.11000E-03,-57.74967E-03
-58.25000E-03,-100.11000E-03,-60.01099E-03
-58.20000E-03,-100.11000E-03,-58.35269E-03
-58.15000E-03,-100.11000E-03,-59.86022E-03
-58.10000E-03,-100.11000E-03,-57.64917E-03
-58.05000E-03,-100.11000E-03,-57.09640E-03
-58.00000E-03,-100.11000E-03,-58.75471E-03
-57.95000E-03,-100.11000E-03,-58.15169E-03
-57.90000E-03,-100.11000E-03,-60.46323E-03
-57.85000E-03,-100.11000E-03,-59.00596E-03
-57.80000E-03,-100.11000E-03,-56.64414E-03
-57.75000E-03,-100.11000E-03,-60.01098E-03
-57.70000E-03,-100.11000E-03,-56.14163E-03
-57.65000E-03,-100.11000E-03,-57.24715E-03
-57.60000E-03,-100.11000E-03,-56.34267E-03
-57.55000E-03,-100.11000E-03,-53.93060E-03
-57.50000E-03,-100.11000E-03,-65.28734E-03
-57.45000E-03,-100.11000E-03,-60.31251E-03
-57.40000E-03,-100.11000E-03,-58.30246E-03
-57.35000E-03,-100.11000E-03,-55.13660E-03
-57.30000E-03,-100.11000E-03,-60.86523E-03
-57.25000E-03,-100.11000E-03,-63.27728E-03
-57.20000E-03,-100.11000E-03,-60.01096E-03
-57.15000E-03,-100.11000E-03,-63.47836E-03
-57.10000E-03,-100.11000E-03,-56.64413E-03
-57.05000E-03,-100.11000E-03,-57.85015E-03
-57.00000E-03,-100.11000E-03,-55.73969E-03
-56.95000E-03,-100.11000E-03,-56.09141E-03
-56.90000E-03,-100.11000E-03,-54.38286E-03
-56.85000E-03,-100.11000E-03,-52.27225E-03
-56.80000E-03,-100.11000E-03,-56.39286E-03
-56.75000E-03,-105.13509E-03,-56.24213E-03
-56.70000E-03,-100.11000E-03,-59.50851E-03
-56.65000E-03,-100.11000E-03,-53.72962E-03
-56.60000E-03,-100.11000E-03,-54.58386E-03
-56.55000E-03,-100.11000E-03,-57.69943E-03
-56.50000E-03,-100.11000E-03,-53.72953E-03
-56.45000E-03,-100.11000E-03,-60.26224E-03
-56.40000E-03,-100.11000E-03,-58.10149E-03
-56.35000E-03,-100.11000E-03,-56.19185E-03
-56.30000E-03,-100.11000E-03,-60.06123E-03
-56.25000E-03,-100.11000E-03,-50.21203E-03
-56.20000E-03,-100.11000E-03,-62.37280E-03
-56.15000E-03,-100.11000E-03,-58.25221E-03
-56.10000E-03,-100.11000E-03,-57.34771E-03
-56.05000E-03,-100.11000E-03,-60.01101E-03
-56.00000E-03,-100.11000E-03,-51.71961E-03
-55.95000E-03,-100.11000E-03,-58.95570E-03
-55.90000E-03,-100.11000E-03,-55.99085E-03
-55.85000E-03,-100.11000E-03,-53.77981E-03
-55.80000E-03,-100.11000E-03,-58.60396E-03
-55.75000E-03,-100.11000E-03,-55.23717E-03
-55.70000E-03,-100.11000E-03,-48.10154E-03
-55.65000E-03,-100.11000E-03,-54.68439E-03
-55.60000E-03,-100.11000E-03,-51.61894E-03
-55.55000E-03,-100.11000E-03,-56.99584E-03
-55.50000E-03,-100.11000E-03,-59.25729E-03
-55.45000E-03,-107.14512E-03,-55.68934E-03
-55.40000E-03,-109.15517E-03,-60.51343E-03
-55.35000E-03,-100.11000E-03,-47.29750E-03
-55.30000E-03,-100.11000E-03,-56.79486E-03
-55.25000E-03,-100.11000E-03,-54.98586E-03
-55.20000E-03,-108.15027E-03,-59.05628E-03
-55.15000E-03,-100.11000E-03,-56.89546E-03
-55.10000E-03,-100.11000E-03,-55.89045E-03
-55.05000E-03,-100.11000E-03,-57.74967E-03
-55.00000E-03,-100.11000E-03,-56.49342E-03
-54.95000E-03,-100.11000E-03,-58.35267E-03
-54.90000E-03,-100.11000E-03,-58.95568E-03
-54.85000E-03,-100.11000E-03,-60.86525E-03
-54.80000E-03,-108.15013E-03,-59.45822E-03
-54.75000E-03,-102.62264E-03,-59.75975E-03
-54.70000E-03,-100.11000E-03,-58.90544E-03
-54.65000E-03,-100.11000E-03,-57.74967E-03
-54.60000E-03,-100.11000E-03,-59.91049E-03
-54.55000E-03,-100.11000E-03,-59.00596E-03
-54.50000E-03,-100.11000E-03,-60.51348E-03
-54.45000E-03,-100.11000E-03,-56.79491E-03
-54.40000E-03,-100.11000E-03,-56.59390E-03
-54.35000E-03,-100.11000E-03,-56.39290E-03
-54.30000E-03,-100.11000E-03,-57.14668E-03
-54.25000E-03,-100.11000E-03,-56.99590E-03
-54.20000E-03,-100.11000E-03,-57.74967E-03
-54.15000E-03,-103.62767E-03,-56.84516E-03
-54.10000E-03,-100.11000E-03,-57.44815E-03
-54.05000E-03,-100.11000E-03,-56.49339E-03
-54.00000E-03,-100.11000E-03,-55.48836E-03
-53.95000E-03,-100.11000E-03,-56.94565E-03
-53.90000E-03,-100.11000E-03,-57.09642E-03
-53.85000E-03,-100.11000E-03,-55.68936E-03
-53.80000E-03,-100.11000E-03,-55.03610E-03
-53.75000E-03,-100.11000E-03,-55.23713E-03
-53.70000E-03,-100.11000E-03,-57.54868E-03
-53.65000E-03,-100.11000E-03,-57.34767E-03
-53.60000E-03,-100.11000E-03,-56.49339E-03
-53.55000E-03,-100.11000E-03,-57.29740E-03
-53.50000E-03,-100.11000E-03,-56.49339E-03
-53.45000E-03,-100.11000E-03,-56.49339E-03
-53.40000E-03,-112.67282E-03,-57.44819E-03
-53.35000E-03,-103.62750E-03,-57.74967E-03
-53.30000E-03,-100.11000E-03,-57.04615E-03
-53.25000E-03,-100.11000E-03,-56.49339E-03
-53.20000E-03,-100.11000E-03,-55.23711E-03
-53.15000E-03,-100.11000E-03,-56.49339E-03
-53.10000E-03,-100.11000E-03,-55.33760E-03
-53.05000E-03,-100.11000E-03,-54.93561E-03
-53.00000E-03,-100.11000E-03,-53.98083E-03
-52.95000E-03,-100.11000E-03,-55.23711E-03
-52.90000E-03,-100.11000E-03,-56.49339E-03
-52.85000E-03,-100.11000E-03,-56.49339E-03
-52.80000E-03,-100.11000E-03,-57.74967E-03
-52.75000E-03,-100.11000E-03,-56.74464E-03
-52.70000E-03,-100.11000E-03,-59.00596E-03
-52.65000E-03,-100.11000E-03,-58.35270E-03
-52.60000E-03,-104.13021E-03,-60.26224E-03
-52.55000E-03,-100.11000E-03,-61.71953E-03
-52.50000E-03,-100.11011E-03,-60.26224E-03
-52.45000E-03,-100.11000E-03,-60.46323E-03
-52.40000E-03,-104.12999E-03,-59.86024E-03
-52.35000E-03,-100.11000E-03,-59.00596E-03
-52.30000E-03,-100.11000E-03,-59.80996E-03
-52.25000E-03,-100.11000E-03,-59.00596E-03
-52.20000E-03,-100.11000E-03,-60.26224E-03
-52.15000E-03,-100.11000E-03,-59.96075E-03
-52.10000E-03,-100.11000E-03,-59.00596E-03
-52.05000E-03,-100.11000E-03,-57.74967E-03
-52.00000E-03,-100.11000E-03,-57.74967E-03
-51.95000E-03,-100.11000E-03,-58.05119E-03
-51.90000E-03,-100.11000E-03,-57.74967E-03
-51.85000E-03,-101.11491E-03,-60.16175E-03
-51.80000E-03,-109.65786E-03,-57.74967E-03
-51.75000E-03,-107.64781E-03,-56.99589E-03
-51.70000E-03,-112.67282E-03,-57.74967E-03
-51.65000E-03,-100.11000E-03,-56.49339E-03
-51.60000E-03,-100.11000E-03,-57.74967E-03
-51.55000E-03,-100.11000E-03,-59.00596E-03
-51.50000E-03,-100.11000E-03,-57.74967E-03
-51.45000E-03,-104.63249E-03,-59.00596E-03
-51.40000E-03,-100.11000E-03,-59.65921E-03
-51.35000E-03,-100.11000E-03,-57.34765E-03
-51.30000E-03,-100.11000E-03,-57.74967E-03
-51.25000E-03,-100.11000E-03,-57.74966E-03
-51.20000E-03,-102.11993E-03,-57.54868E-03
-51.15000E-03,-100.11000E-03,-57.74967E-03
-51.10000E-03,-100.11000E-03,-55.89039E-03
-51.05000E-03,-100.11000E-03,-57.29740E-03
-51.00000E-03,-100.11000E-03,-56.24212E-03
-50.95000E-03,-100.11000E-03,-56.49339E-03
-50.90000E-03,-100.11000E-03,-57.74967E-03
-50.85000E-03,-100.11000E-03,-57.74967E-03
-50.80000E-03,-100.11000E-03,-57.04614E-03
-50.75000E-03,-100.11000E-03,-55.73964E-03
-50.70000E-03,-100.11000E-03,-56.79491E-03
-50.65000E-03,-111.66766E-03,-58.90544E-03
-50.60000E-03,-100.11000E-03,-55.23711E-03
-50.55000E-03,-100.11000E-03,-57.74967E-03
-50.50000E-03,-100.11000E-03,-56.24211E-03
-50.45000E-03,-107.14504E-03,-55.78989E-03
-50.40000E-03,-100.11000E-03,-57.74967E-03
-50.35000E-03,-100.11000E-03,-57.29737E-03
-50.30000E-03,-100.11000E-03,-55.23711E-03
-50.25000E-03,-100.11000E-03,-56.24215E-03
-50.20000E-03,-100.11000E-03,-56.04115E-03
-50.15000E-03,-100.11000E-03,-55.23711E-03
-50.10000E-03,-100.11000E-03,-57.74967E-03
-50.05000E-03,-100.11000E-03,-55.43813E-03
-50.00000E-03,-100.11000E-03,-56.49339E-03
-49.95000E-03,-100.11000E-03,-57.74967E-03
-49.90000E-03,-100.11000E-03,-55.63911E-03
-49.85000E-03,-100.11000E-03,-56.49339E-03
-49.80000E-03,-100.11000E-03,-57.29740E-03
-49.75000E-03,-100.11000E-03,-56.49339E-03
-49.70000E-03,-100.11000E-03,-59.00596E-03
-49.65000E-03,-100.11000E-03,-57.90041E-03
-49.60000E-03,-100.11000E-03,-58.65421E-03
-49.55000E-03,-100.11000E-03,-59.70949E-03
-49.50000E-03,-100.11000E-03,-59.75971E-03
-49.45000E-03,-100.11000E-03,-57.74967E-03
-49.40000E-03,-111.66764E-03,-59.10647E-03
-49.35000E-03,-100.11000E-03,-57.85016E-03
-49.30000E-03,-100.11000E-03,-56.49339E-03
-49.25000E-03,-100.11000E-03,-57.74967E-03
-49.20000E-03,-100.11000E-03,-57.19689E-03
-49.15000E-03,-100.11000E-03,-56.84517E-03
-49.10000E-03,-100.11000E-03,-56.64416E-03
-49.05000E-03,-100.11000E-03,-57.79991E-03
-49.00000E-03,-100.11000E-03,-57.49843E-03
-48.95000E-03,-100.11000E-03,-57.74967E-03
-48.90000E-03,-100.11000E-03,-55.89036E-03
-48.85000E-03,-100.11000E-03,-56.49339E-03
-48.80000E-03,-100.11000E-03,-56.49339E-03
-48.75000E-03,-112.67282E-03,-55.23713E-03
-48.70000E-03,-100.11000E-03,-58.60398E-03
-48.65000E-03,-100.11000E-03,-58.60396E-03
-48.60000E-03,-100.11000E-03,-55.78983E-03
-48.55000E-03,-100.11000E-03,-57.74967E-03
-48.50000E-03,-102.62274E-03,-59.00596E-03
-48.45000E-03,-100.11000E-03,-57.59887E-03
-48.40000E-03,-100.11000E-03,-57.74967E-03
-48.35000E-03,-103.62742E-03,-56.29234E-03
-48.30000E-03,-100.11000E-03,-55.94065E-03
-48.25000E-03,-100.11000E-03,-56.99592E-03
-48.20000E-03,-100.11000E-03,-59.65919E-03
-48.15000E-03,-100.11000E-03,-56.59391E-03
-48.10000E-03,-111.66797E-03,-58.05113E-03
-48.05000E-03,-100.11000E-03,-62.17182E-03
-48.00000E-03,-100.11000E-03,-58.50346E-03
-47.95000E-03,-100.11000E-03,-61.26717E-03
-47.90000E-03,-109.15505E-03,-60.06129E-03
-47.85000E-03,-100.11000E-03,-56.94571E-03
-47.80000E-03,-100.11000E-03,-61.41805E-03
-47.75000E-03,-100.11000E-03,-60.26224E-03
-47.70000E-03,-108.15039E-03,-57.49833E-03
-47.65000E-03,-100.11000E-03,-60.26224E-03
-47.60000E-03,-100.11000E-03,-61.11649E-03
-47.55000E-03,-100.11000E-03,-63.02596E-03
-47.50000E-03,-100.11000E-03,-60.26233E-03
-47.45000E-03,-102.11987E-03,-55.33737E-03
-47.40000E-03,-104.12992E-03,-62.47342E-03
-47.35000E-03,-106.13997E-03,-59.10653E-03
-47.30000E-03,-112.67282E-03,-63.42773E-03
-47.25000E-03,-112.67282E-03,-61.26705E-03
-47.20000E-03,-112.17011E-03,-63.77973E-03
-47.15000E-03,-100.11000E-03,-60.91558E-03
-47.10000E-03,-103.62740E-03,-55.94059E-03
-47.05000E-03,-100.11000E-03,-58.90511E-03
-47.00000E-03,-100.11000E-03,-60.51345E-03
-46.95000E-03,-100.11000E-03,-56.74475E-03
-46.90000E-03,-100.11000E-03,-64.38266E-03
-46.85000E-03,-100.11000E-03,-61.01610E-03
-46.80000E-03,-100.11000E-03,-62.07166E-03
-46.75000E-03,-105.13493E-03,-55.73960E-03
-46.70000E-03,-100.11000E-03,-59.05603E-03
-46.65000E-03,-100.11000E-03,-54.98605E-03
-46.60000E-03,-100.11000E-03,-57.14658E-03
-46.55000E-03,-100.11000E-03,-61.21713E-03
-46.50000E-03,-100.11000E-03,-67.80023E-03
-46.45000E-03,-100.11000E-03,-61.56899E-03
-46.40000E-03,-100.11000E-03,-55.08648E-03
-46.35000E-03,-100.11000E-03,-57.14688E-03
-46.30000E-03,-100.11000E-03,-53.47852E-03
-46.25000E-03,-100.11000E-03,-50.21213E-03
-46.20000E-03,-100.11000E-03,-58.60399E-03
-46.15000E-03,-100.11000E-03,-51.16639E-03
-46.10000E-03,-100.11000E-03,-58.90537E-03
-46.05000E-03,-100.11000E-03,-54.38309E-03
-46.00000E-03,-100.11000E-03,-56.49329E-03
-45.95000E-03,-100.11000E-03,-60.06115E-03
-45.90000E-03,-100.11000E-03,-55.23711E-03
-45.85000E-03,-100.11000E-03,-55.38778E-03
-45.80000E-03,-100.11000E-03,-54.08118E-03
-45.75000E-03,-100.11000E-03,-52.97608E-03
-45.70000E-03,-100.11000E-03,-54.83525E-03
-45.65000E-03,-101.11524E-03,-45.74001E-03
-45.60000E-03,-100.11000E-03,-58.05112E-03
-45.55000E-03,-109.65796E-03,-58.90582E-03
-45.50000E-03,-112.67282E-03,-51.46805E-03
-45.45000E-03,-107.14496E-03,-57.24694E-03
-45.40000E-03,-100.11000E-03,-55.99077E-03
-45.35000E-03,-100.11000E-03,-56.64417E-03
-45.30000E-03,-100.11000E-03,-50.76451E-03
-45.25000E-03,-100.11000E-03,-55.23711E-03
-45.20000E-03,-112.67282E-03,-55.23711E-03
-45.15000E-03,-106.64244E-03,-54.53366E-03
-45.10000E-03,-112.67282E-03,-54.08120E-03
-45.05000E-03,-110.66254E-03,-53.12660E-03
-45.00000E-03,-112.67259E-03,-52.72462E-03
-44.95000E-03,-100.11000E-03,-56.09143E-03
-44.90000E-03,-100.11000E-03,-56.54371E-03
-44.85000E-03,-100.11000E-03,-55.89040E-03
-44.80000E-03,-100.11000E-03,-56.14168E-03
-44.75000E-03,-100.11000E-03,-56.74467E-03
-44.70000E-03,-100.11000E-03,-56.59394E-03
-44.65000E-03,-100.11000E-03,-57.74967E-03
-44.60000E-03,-100.11000E-03,-58.65422E-03
-44.55000E-03,-100.11000E-03,-60.11144E-03
-44.50000E-03,-105.13536E-03,-58.75475E-03
-44.45000E-03,-100.11000E-03,-58.35274E-03
-44.40000E-03,-100.11000E-03,-59.96066E-03
-44.35000E-03,-100.11000E-03,-56.59387E-03
-44.30000E-03,-100.11000E-03,-56.14156E-03
-44.25000E-03,-100.11000E-03,-58.25216E-03
-44.20000E-03,-100.11000E-03,-55.78990E-03
-44.15000E-03,-100.11000E-03,-57.04611E-03
-44.10000E-03,-100.11000E-03,-56.34262E-03
-44.05000E-03,-100.11000E-03,-55.33757E-03
-44.00000E-03,-100.11000E-03,-57.49844E-03
-43.95000E-03,-100.11000E-03,-55.58892E-03
-43.90000E-03,-100.11000E-03,-54.03103E-03
-43.85000E-03,-100.11000E-03,-54.38286E-03
-43.80000E-03,-100.11000E-03,-54.18186E-03
-43.75000E-03,-100.11000E-03,-55.23709E-03
-43.70000E-03,-100.11000E-03,-55.03613E-03
-43.65000E-03,-100.11000E-03,-54.38282E-03
-43.60000E-03,-100.11000E-03,-56.49339E-03
-43.55000E-03,-100.11000E-03,-54.88540E-03
-43.50000E-03,-100.11000E-03,-57.49839E-03
-43.45000E-03,-100.11000E-03,-57.74967E-03
-43.40000E-03,-100.11000E-03,-56.64412E-03
-43.35000E-03,-100.11000E-03,-56.49339E-03
-43.30000E-03,-100.11000E-03,-57.74967E-03
-43.25000E-03,-100.11000E-03,-58.50342E-03
-43.20000E-03,-100.11000E-03,-56.49339E-03
-43.15000E-03,-100.11000E-03,-56.59392E-03
-43.10000E-03,-111.66805E-03,-57.64920E-03
-43.05000E-03,-109.65800E-03,-57.74967E-03
-43.00000E-03,-100.11000E-03,-58.50347E-03
-42.95000E-03,-100.11000E-03,-56.49339E-03
-42.90000E-03,-100.11000E-03,-57.74967E-03
-42.85000E-03,-100.11000E-03,-57.74967E-03
-42.80000E-03,-100.11000E-03,-57.74967E-03
-42.75000E-03,-100.11000E-03,-58.75473E-03
-42.70000E-03,-104.63236E-03,-58.20191E-03
-42.65000E-03,-112.67282E-03,-59.00596E-03
-42.60000E-03,-100.11000E-03,-59.00596E-03
-42.55000E-03,-100.11000E-03,-57.74967E-03
-42.50000E-03,-100.11000E-03,-57.74967E-03
-42.45000E-03,-100.11000E-03,-57.54870E-03
-42.40000E-03,-100.11000E-03,-56.49339E-03
-42.35000E-03,-100.11000E-03,-57.09638E-03
-42.30000E-03,-100.11000E-03,-56.94568E-03
-42.25000E-03,-100.11000E-03,-56.74468E-03
-42.20000E-03,-100.11000E-03,-58.90540E-03
-42.15000E-03,-100.11000E-03,-57.59895E-03
-42.10000E-03,-100.11000E-03,-57.74967E-03
-42.05000E-03,-100.11000E-03,-56.49339E-03
-42.00000E-03,-100.11000E-03,-56.49339E-03
-41.95000E-03,-109.65747E-03,-57.09646E-03
-41.90000E-03,-111.66752E-03,-57.74967E-03
-41.85000E-03,-100.11000E-03,-57.64920E-03
-41.80000E-03,-100.11000E-03,-56.79487E-03
-41.75000E-03,-100.11000E-03,-57.24719E-03
-41.70000E-03,-100.11000E-03,-57.74967E-03
-41.65000E-03,-100.11000E-03,-57.74967E-03
-41.60000E-03,-101.61782E-03,-56.79496E-03
-41.55000E-03,-100.61224E-03,-60.26224E-03
-41.50000E-03,-100.11000E-03,-59.00596E-03
-41.45000E-03,-100.11000E-03,-57.74967E-03
-41.40000E-03,-100.11000E-03,-56.49339E-03
-41.35000E-03,-108.65244E-03,-56.09136E-03
-41.30000E-03,-100.11000E-03,-53.98083E-03
-41.25000E-03,-100.11000E-03,-55.23706E-03
-41.20000E-03,-100.11000E-03,-54.18181E-03
-41.15000E-03,-100.11000E-03,-54.38281E-03
-41.10000E-03,-100.11000E-03,-55.23711E-03
-41.05000E-03,-100.11000E-03,-53.98083E-03
-41.00000E-03,-100.11000E-03,-55.23711E-03
-40.95000E-03,-100.11000E-03,-57.74967E-03
-40.90000E-03,-100.11000E-03,-56.49339E-03
-40.85000E-03,-100.11000E-03,-58.65423E-03
-40.80000E-03,-100.11000E-03,-57.74967E-03
-40.75000E-03,-100.11000E-03,-58.50341E-03
-40.70000E-03,-100.11000E-03,-57.44814E-03
-40.65000E-03,-100.11000E-03,-52.82508E-03
-40.60000E-03,-100.11000E-03,-54.08130E-03
-40.55000E-03,-100.11000E-03,-55.23711E-03
-40.50000E-03,-100.11000E-03,-54.73463E-03
-40.45000E-03,-100.11000E-03,-56.49339E-03
-40.40000E-03,-103.62789E-03,-56.49339E-03
-40.35000E-03,-100.11000E-03,-55.23711E-03
-40.30000E-03,-100.11000E-03,-55.28733E-03
-40.25000E-03,-100.11000E-03,-55.48834E-03
-40.20000E-03,-100.11000E-03,-53.52860E-03
-40.15000E-03,-106.64237E-03,-56.49339E-03
-40.10000E-03,-100.11000E-03,-58.60392E-03
-40.05000E-03,-100.11000E-03,-55.63918E-03
-40.00000E-03,-100.11000E-03,-56.49345E-03
-39.95000E-03,-100.11000E-03,-59.00596E-03
-39.90000E-03,-100.11000E-03,-55.23711E-03
-39.85000E-03,-100.11000E-03,-59.00596E-03
-39.80000E-03,-100.11000E-03,-57.74967E-03
-39.75000E-03,-100.11000E-03,-56.49339E-03
-39.70000E-03,-100.11000E-03,-57.69939E-03
-39.65000E-03,-100.11000E-03,-56.49339E-03
-39.60000E-03,-100.11000E-03,-56.14167E-03
-39.55000E-03,-100.11000E-03,-57.74967E-03
-39.50000E-03,-100.11000E-03,-55.48831E-03
-39.45000E-03,-100.11000E-03,-56.49339E-03
-39.40000E-03,-100.11000E-03,-56.49339E-03
-39.35000E-03,-100.11000E-03,-52.82502E-03
-39.30000E-03,-100.11000E-03,-55.89044E-03
-39.25000E-03,-100.11000E-03,-56.49339E-03
-39.20000E-03,-105.63796E-03,-54.68432E-03
-39.15000E-03,-109.15492E-03,-57.39788E-03
-39.10000E-03,-112.67282E-03,-57.74967E-03
-39.05000E-03,-100.11000E-03,-54.03105E-03
-39.00000E-03,-102.62225E-03,-57.74967E-03
-38.95000E-03,-112.67282E-03,-58.20190E-03
-38.90000E-03,-100.11000E-03,-54.58388E-03
-38.85000E-03,-104.13042E-03,-56.49339E-03
-38.80000E-03,-110.66245E-03,-57.34760E-03
-38.75000E-03,-112.67282E-03,-55.23718E-03
-38.70000E-03,-100.11000E-03,-57.54870E-03
-38.65000E-03,-100.11000E-03,-57.74967E-03
-38.60000E-03,-100.11000E-03,-55.84009E-03
-38.55000E-03,-100.11000E-03,-56.49339E-03
-38.50000E-03,-100.11000E-03,-56.49339E-03
-38.45000E-03,-112.67282E-03,-55.18683E-03
-38.40000E-03,-100.11000E-03,-56.19195E-03
-38.35000E-03,-100.11000E-03,-53.77973E-03
-38.30000E-03,-105.63731E-03,-54.13165E-03
-38.25000E-03,-100.11000E-03,-54.98592E-03
-38.20000E-03,-103.12541E-03,-56.84505E-03
-38.15000E-03,-112.67282E-03,-54.08137E-03
-38.10000E-03,-112.67282E-03,-55.33758E-03
-38.05000E-03,-100.11000E-03,-56.79487E-03
-38.00000E-03,-100.11000E-03,-57.49852E-03
-37.95000E-03,-100.11000E-03,-59.70944E-03
-37.90000E-03,-100.11000E-03,-58.65416E-03
-37.85000E-03,-100.11000E-03,-55.84026E-03
-37.80000E-03,-100.11000E-03,-60.21202E-03
-37.75000E-03,-100.11000E-03,-56.24217E-03
-37.70000E-03,-104.63228E-03,-55.89014E-03
-37.65000E-03,-100.11000E-03,-57.29718E-03
-37.60000E-03,-100.11000E-03,-55.68931E-03
-37.55000E-03,-100.11000E-03,-54.78499E-03
-37.50000E-03,-100.11000E-03,-51.46840E-03
-37.45000E-03,-100.11000E-03,-59.10687E-03
-37.40000E-03,-108.65306E-03,-60.01132E-03
-37.35000E-03,-106.64301E-03,-54.98637E-03
-37.30000E-03,-108.14986E-03,-52.87503E-03
-37.25000E-03,-100.11000E-03,-58.00079E-03
-37.20000E-03,-100.61286E-03,-65.78936E-03
-37.15000E-03,-100.11000E-03,-57.29752E-03
-37.10000E-03,-103.62725E-03,-55.43822E-03
-37.05000E-03,-105.63729E-03,-56.99643E-03
-37.00000E-03,-100.11000E-03,-54.48355E-03
-36.95000E-03,-100.11000E-03,-56.19185E-03
-36.90000E-03,-100.11000E-03,-52.57418E-03
-36.85000E-03,-100.11000E-03,-51.41760E-03
-36.80000E-03,-112.67282E-03,-47.74894E-03
-36.75000E-03,-112.67282E-03,-57.24685E-03
-36.70000E-03,-100.11000E-03,-61.01565E-03
-36.65000E-03,-109.15488E-03,-61.21673E-03
-36.60000E-03,-101.61790E-03,-56.49339E-03
-36.55000E-03,-100.61216E-03,-65.63976E-03
-36.50000E-03,-100.11000E-03,-61.77010E-03
-36.45000E-03,-104.63226E-03,-55.23711E-03
-36.40000E-03,-112.67282E-03,-57.39842E-03
-36.35000E-03,-108.65236E-03,-55.84063E-03
-36.30000E-03,-112.67282E-03,-55.18708E-03
-36.25000E-03,-112.67246E-03,-59.00578E-03
-36.20000E-03,-100.11000E-03,-65.63973E-03
-36.15000E-03,-104.12974E-03,-54.83514E-03
-36.10000E-03,-106.13979E-03,-58.15136E-03
-36.05000E-03,-112.67282E-03,-58.50381E-03
-36.00000E-03,-110.15989E-03,-54.73453E-03
-35.95000E-03,-100.11000E-03,-61.36766E-03
-35.90000E-03,-100.11000E-03,-65.68988E-03
-35.85000E-03,-109.15560E-03,-54.78529E-03
-35.80000E-03,-100.11000E-03,-55.03662E-03
-35.75000E-03,-100.11000E-03,-55.73984E-03
-35.70000E-03,-103.12545E-03,-60.06090E-03
-35.65000E-03,-101.11540E-03,-50.36326E-03
-35.60000E-03,-112.67282E-03,-50.46269E-03
-35.55000E-03,-109.65811E-03,-57.14673E-03
-35.50000E-03,-112.67282E-03,-54.48331E-03
-35.45000E-03,-105.63801E-03,-55.99051E-03
-35.40000E-03,-100.11000E-03,-52.82546E-03
-35.35000E-03,-100.11000E-03,-57.39814E-03
-35.30000E-03,-100.11000E-03,-63.78001E-03
-35.25000E-03,-100.11000E-03,-61.76992E-03
-35.20000E-03,-100.11000E-03,-60.71446E-03
-35.15000E-03,-100.11000E-03,-61.46834E-03
-35.10000E-03,-108.65234E-03,-57.69954E-03
-35.05000E-03,-110.66239E-03,-60.51330E-03
-35.00000E-03,-100.11000E-03,-59.00592E-03
-34.95000E-03,-100.11000E-03,-54.58373E-03
-34.90000E-03,-100.11000E-03,-58.60398E-03
-34.85000E-03,-100.11000E-03,-57.14670E-03
-34.80000E-03,-100.11000E-03,-55.94048E-03
-34.75000E-03,-100.11000E-03,-57.49838E-03
-34.70000E-03,-100.11000E-03,-52.92571E-03
-34.65000E-03,-100.11000E-03,-53.98083E-03
-34.60000E-03,-109.15561E-03,-54.48315E-03
-34.55000E-03,-112.67282E-03,-54.53356E-03
-34.50000E-03,-105.13552E-03,-54.73456E-03
-34.45000E-03,-100.11000E-03,-55.53866E-03
-34.40000E-03,-100.11000E-03,-53.98083E-03
-34.35000E-03,-100.11000E-03,-55.23711E-03
-34.30000E-03,-100.11000E-03,-56.49339E-03
-34.25000E-03,-105.13474E-03,-54.23216E-03
-34.20000E-03,-100.11000E-03,-55.78991E-03
-34.15000E-03,-109.15484E-03,-54.53352E-03
-34.10000E-03,-111.16489E-03,-55.08632E-03
-34.05000E-03,-112.67282E-03,-52.77476E-03
-34.00000E-03,-112.67282E-03,-53.98083E-03
-33.95000E-03,-104.63222E-03,-54.33267E-03
-33.90000E-03,-100.11000E-03,-53.98083E-03
-33.85000E-03,-100.11000E-03,-55.68929E-03
-33.80000E-03,-100.11000E-03,-55.43816E-03
-33.75000E-03,-100.11000E-03,-55.23711E-03
-33.70000E-03,-100.11000E-03,-56.49339E-03
-33.65000E-03,-100.11000E-03,-56.09142E-03
-33.60000E-03,-100.11000E-03,-56.44306E-03
-33.55000E-03,-104.63302E-03,-57.29737E-03
-33.50000E-03,-112.67282E-03,-55.48841E-03
-33.45000E-03,-100.11000E-03,-56.49339E-03
-33.40000E-03,-111.16568E-03,-56.49339E-03
-33.35000E-03,-103.62719E-03,-55.58883E-03
-33.30000E-03,-100.11000E-03,-56.49339E-03
-33.25000E-03,-100.11000E-03,-56.99595E-03
-33.20000E-03,-100.11000E-03,-57.44813E-03
-33.15000E-03,-100.11000E-03,-56.49339E-03
-33.10000E-03,-100.11000E-03,-58.90549E-03
-33.05000E-03,-100.11000E-03,-58.70449E-03
-33.00000E-03,-100.11000E-03,-59.00596E-03
-32.95000E-03,-100.11000E-03,-59.55876E-03
-32.90000E-03,-109.15482E-03,-57.74967E-03
-32.85000E-03,-100.11000E-03,-57.59888E-03
-32.80000E-03,-100.61210E-03,-59.00596E-03
-32.75000E-03,-100.11000E-03,-58.00089E-03
-32.70000E-03,-100.11000E-03,-58.20189E-03
-32.65000E-03,-100.11000E-03,-58.35273E-03
-32.60000E-03,-100.11000E-03,-57.74967E-03
-32.55000E-03,-100.11000E-03,-58.80491E-03
-32.50000E-03,-100.11000E-03,-56.49335E-03
-32.45000E-03,-100.11000E-03,-56.69436E-03
-32.40000E-03,-100.11000E-03,-56.49339E-03
-32.35000E-03,-100.11000E-03,-57.14670E-03
-32.30000E-03,-100.11000E-03,-56.84507E-03
-32.25000E-03,-100.11000E-03,-57.49838E-03
-32.20000E-03,-100.11000E-03,-57.69938E-03
-32.15000E-03,-100.11000E-03,-55.38782E-03
-32.10000E-03,-100.11000E-03,-56.49339E-03
-32.05000E-03,-100.11000E-03,-57.74967E-03
-32.00000E-03,-100.11000E-03,-57.74967E-03
-31.95000E-03,-112.67282E-03,-57.74967E-03
-31.90000E-03,-111.66737E-03,-57.74967E-03
-31.85000E-03,-101.11460E-03,-57.85013E-03
-31.80000E-03,-103.12465E-03,-58.70449E-03
-31.75000E-03,-105.13470E-03,-56.49339E-03
-31.70000E-03,-112.67282E-03,-56.49339E-03
-31.65000E-03,-109.15480E-03,-56.49339E-03
-31.60000E-03,-100.11000E-03,-55.38791E-03
-31.55000E-03,-100.11000E-03,-56.49339E-03
-31.50000E-03,-100.11000E-03,-56.49339E-03
-31.45000E-03,-100.11000E-03,-57.74967E-03
-31.40000E-03,-100.11000E-03,-57.09645E-03
-31.35000E-03,-100.11000E-03,-58.15173E-03
-31.30000E-03,-100.11000E-03,-57.74967E-03
-31.25000E-03,-100.11000E-03,-59.00596E-03
-31.20000E-03,-100.11000E-03,-60.06128E-03
-31.15000E-03,-100.11000E-03,-57.74967E-03
-31.10000E-03,-100.11000E-03,-59.00596E-03
-31.05000E-03,-112.67282E-03,-60.26224E-03
-31.00000E-03,-100.11000E-03,-59.00596E-03
-30.95000E-03,-100.11000E-03,-59.00596E-03
-30.90000E-03,-100.11000E-03,-57.74967E-03
-30.85000E-03,-100.11000E-03,-57.74967E-03
-30.80000E-03,-100.11000E-03,-57.74967E-03
-30.75000E-03,-100.11000E-03,-57.24712E-03
-30.70000E-03,-100.11000E-03,-56.49339E-03
-30.65000E-03,-100.11000E-03,-57.64913E-03
-30.60000E-03,-100.11000E-03,-57.64922E-03
-30.55000E-03,-100.11000E-03,-57.74967E-03
-30.50000E-03,-100.11000E-03,-57.74967E-03
-30.45000E-03,-100.11000E-03,-57.19687E-03
-30.40000E-03,-100.11000E-03,-55.58892E-03
-30.35000E-03,-100.11000E-03,-55.23711E-03
-30.30000E-03,-112.17076E-03,-56.49339E-03
-30.25000E-03,-100.11000E-03,-56.49339E-03
-30.20000E-03,-100.11000E-03,-56.49339E-03
-30.15000E-03,-100.11000E-03,-56.49339E-03
-30.10000E-03,-100.11000E-03,-53.98083E-03
-30.05000E-03,-100.11000E-03,-52.92560E-03
-30.00000E-03,-100.11000E-03,-55.23711E-03
-29.95000E-03,-100.11000E-03,-54.18179E-03
-29.90000E-03,-100.11000E-03,-53.52848E-03
-29.85000E-03,-100.11000E-03,-55.84008E-03
-29.80000E-03,-100.11000E-03,-55.23711E-03
-29.75000E-03,-100.11000E-03,-53.72953E-03
-29.70000E-03,-100.11000E-03,-52.72455E-03
-29.65000E-03,-101.61708E-03,-54.13154E-03
-29.60000E-03,-103.62713E-03,-54.33254E-03
-29.55000E-03,-107.14564E-03,-54.68439E-03
-29.50000E-03,-100.11000E-03,-57.24712E-03
-29.45000E-03,-100.11000E-03,-55.23711E-03
-29.40000E-03,-100.11000E-03,-56.39284E-03
-29.35000E-03,-100.11000E-03,-56.39294E-03
-29.30000E-03,-100.11000E-03,-55.23711E-03
-29.25000E-03,-100.11000E-03,-55.99093E-03
-29.20000E-03,-100.11000E-03,-56.49339E-03
-29.15000E-03,-109.15476E-03,-56.14159E-03
-29.10000E-03,-100.11000E-03,-56.49339E-03
-29.05000E-03,-100.11000E-03,-56.44319E-03
-29.00000E-03,-100.11000E-03,-56.49339E-03
-28.95000E-03,-100.11000E-03,-56.94561E-03
-28.90000E-03,-100.11000E-03,-57.74967E-03
-28.85000E-03,-100.11000E-03,-56.49339E-03
-28.80000E-03,-112.67282E-03,-56.69445E-03
-28.75000E-03,-100.11048E-03,-57.74967E-03
-28.70000E-03,-100.11000E-03,-56.89531E-03
-28.65000E-03,-100.11000E-03,-57.74967E-03
-28.60000E-03,-100.11000E-03,-58.40299E-03
-28.55000E-03,-100.11000E-03,-57.64903E-03
-28.50000E-03,-100.11000E-03,-58.00098E-03
-28.45000E-03,-100.11000E-03,-57.85027E-03
-28.40000E-03,-100.11000E-03,-58.70454E-03
-28.35000E-03,-100.11000E-03,-56.84510E-03
-28.30000E-03,-100.11000E-03,-58.15154E-03
-28.25000E-03,-100.11000E-03,-57.74967E-03
-28.20000E-03,-100.11000E-03,-56.79495E-03
-28.15000E-03,-100.11000E-03,-58.70430E-03
-28.10000E-03,-100.11000E-03,-55.23711E-03
-28.05000E-03,-100.11000E-03,-56.14149E-03
-28.00000E-03,-100.11000E-03,-59.25731E-03
-27.95000E-03,-100.11000E-03,-56.49339E-03
-27.90000E-03,-100.11000E-03,-60.46310E-03
-27.85000E-03,-101.61803E-03,-56.79500E-03
-27.80000E-03,-100.11000E-03,-57.74967E-03
-27.75000E-03,-110.16075E-03,-61.26756E-03
-27.70000E-03,-112.67282E-03,-63.47851E-03
-27.65000E-03,-106.14065E-03,-58.20228E-03
-27.60000E-03,-100.11000E-03,-61.26677E-03
-27.55000E-03,-112.67282E-03,-62.62370E-03
-27.50000E-03,-112.67282E-03,-66.54315E-03
-27.45000E-03,-112.67282E-03,-55.38752E-03
-27.40000E-03,-104.12961E-03,-57.04531E-03
-27.35000E-03,-112.67282E-03,-61.31836E-03
-27.30000E-03,-112.67282E-03,-56.69470E-03
-27.25000E-03,-110.15976E-03,-62.77430E-03
-27.20000E-03,-100.61302E-03,-55.58922E-03
-27.15000E-03,-100.11000E-03,-54.53299E-03
-27.10000E-03,-100.11000E-03,-55.03596E-03
-27.05000E-03,-107.14568E-03,-60.16209E-03
-27.00000E-03,-100.11000E-03,-54.73555E-03
-26.95000E-03,-100.11000E-03,-59.35756E-03
-26.90000E-03,-100.11000E-03,-59.55837E-03
-26.85000E-03,-100.11000E-03,-62.82566E-03
-26.80000E-03,-100.11000E-03,-53.37792E-03
-26.75000E-03,-112.67282E-03,-55.48796E-03
-26.70000E-03,-100.11000E-03,-56.44360E-03
-26.65000E-03,-103.62810E-03,-51.97103E-03
-26.60000E-03,-100.11000E-03,-57.64871E-03
-26.55000E-03,-100.11000E-03,-52.67435E-03
-26.50000E-03,-100.11000E-03,-53.47816E-03
-26.45000E-03,-112.67282E-03,-48.30152E-03
-26.40000E-03,-106.14067E-03,-54.18143E-03
-26.35000E-03,-100.11000E-03,-55.43750E-03
-26.30000E-03,-100.11000E-03,-49.50893E-03
-26.25000E-03,-100.11000E-03,-52.72450E-03
-26.20000E-03,-100.11000E-03,-43.17604E-03
-26.15000E-03,-100.11000E-03,-49.60840E-03
-26.10000E-03,-100.11000E-03,-51.06543E-03
-26.05000E-03,-108.14969E-03,-55.89074E-03
-26.00000E-03,-112.67282E-03,-46.69523E-03
-25.95000E-03,-112.67282E-03,-50.66471E-03
-25.90000E-03,-112.67282E-03,-56.79480E-03
-25.85000E-03,-112.67282E-03,-59.86122E-03
-25.80000E-03,-107.14570E-03,-52.42283E-03
-25.75000E-03,-107.64717E-03,-57.49800E-03
-25.70000E-03,-100.11000E-03,-60.11080E-03
-25.65000E-03,-101.11555E-03,-56.59395E-03
-25.60000E-03,-100.11000E-03,-61.56940E-03
-25.55000E-03,-100.11000E-03,-52.62363E-03
-25.50000E-03,-100.11000E-03,-55.48769E-03
-25.45000E-03,-107.14465E-03,-56.84578E-03
-25.40000E-03,-100.11000E-03,-56.44351E-03
-25.35000E-03,-100.11000E-03,-48.70524E-03
-25.30000E-03,-100.11000E-03,-60.01125E-03
-25.25000E-03,-100.11000E-03,-56.99580E-03
-25.20000E-03,-100.11000E-03,-54.73407E-03
-25.15000E-03,-100.11000E-03,-57.19675E-03
-25.10000E-03,-100.11000E-03,-58.25192E-03
-25.05000E-03,-102.12059E-03,-54.98612E-03
-25.00000E-03,-100.11054E-03,-59.00590E-03
-24.95000E-03,-100.11000E-03,-55.83997E-03
-24.90000E-03,-100.11000E-03,-58.15163E-03
-24.85000E-03,-100.11000E-03,-57.19707E-03
-24.80000E-03,-100.11000E-03,-56.94571E-03
-24.75000E-03,-112.67282E-03,-57.49836E-03
-24.70000E-03,-100.11000E-03,-56.59400E-03
-24.65000E-03,-100.11000E-03,-57.90037E-03
-24.60000E-03,-100.11000E-03,-56.69456E-03
-24.55000E-03,-100.11000E-03,-56.49339E-03
-24.50000E-03,-100.11000E-03,-56.74454E-03
-24.45000E-03,-100.11000E-03,-57.09652E-03
-24.40000E-03,-101.11557E-03,-55.33767E-03
-24.35000E-03,-100.11000E-03,-57.54878E-03
-24.30000E-03,-103.12454E-03,-56.49339E-03
-24.25000E-03,-107.64824E-03,-58.50350E-03
-24.20000E-03,-105.63819E-03,-58.85531E-03
-24.15000E-03,-100.11000E-03,-57.19702E-03
-24.10000E-03,-100.11000E-03,-59.96062E-03
-24.05000E-03,-100.11000E-03,-58.95576E-03
-24.00000E-03,-110.16080E-03,-58.00088E-03
-23.95000E-03,-100.11000E-03,-59.81003E-03
-23.90000E-03,-100.11000E-03,-59.00596E-03
-23.85000E-03,-100.11000E-03,-59.00596E-03
-23.80000E-03,-100.11000E-03,-58.60384E-03
-23.75000E-03,-112.67227E-03,-57.74973E-03
-23.70000E-03,-100.11000E-03,-57.74967E-03
-23.65000E-03,-100.11000E-03,-57.34772E-03
-23.60000E-03,-100.11000E-03,-57.69931E-03
-23.55000E-03,-100.11000E-03,-59.00596E-03
-23.50000E-03,-100.11000E-03,-59.00596E-03
-23.45000E-03,-100.11000E-03,-58.95565E-03
-23.40000E-03,-100.11000E-03,-59.00596E-03
-23.35000E-03,-100.11000E-03,-58.65425E-03
-23.30000E-03,-100.11000E-03,-59.55866E-03
-23.25000E-03,-100.11000E-03,-58.25224E-03
-23.20000E-03,-100.11000E-03,-58.05124E-03
-23.15000E-03,-100.11000E-03,-57.64912E-03
-23.10000E-03,-100.11000E-03,-56.49339E-03
-23.05000E-03,-100.11000E-03,-55.23711E-03
-23.00000E-03,-100.11000E-03,-55.99094E-03
-22.95000E-03,-100.11000E-03,-55.94057E-03
-22.90000E-03,-100.11000E-03,-56.14158E-03
-22.85000E-03,-100.11000E-03,-55.23711E-03
-22.80000E-03,-100.11000E-03,-55.23711E-03
-22.75000E-03,-100.11000E-03,-55.23711E-03
-22.70000E-03,-100.11000E-03,-56.84527E-03
-22.65000E-03,-100.11000E-03,-57.74967E-03
-22.60000E-03,-100.11000E-03,-57.74967E-03
-22.55000E-03,-100.11000E-03,-57.95074E-03
-22.50000E-03,-100.11000E-03,-57.74967E-03
-22.45000E-03,-100.11000E-03,-57.74967E-03
-22.40000E-03,-100.11000E-03,-56.89535E-03
-22.35000E-03,-100.11000E-03,-58.35263E-03
-22.30000E-03,-100.11000E-03,-55.68943E-03
-22.25000E-03,-100.11000E-03,-57.49836E-03
-22.20000E-03,-100.11000E-03,-56.44308E-03
-22.15000E-03,-100.11000E-03,-53.98083E-03
-22.10000E-03,-100.11000E-03,-53.98083E-03
-22.05000E-03,-100.11000E-03,-54.53354E-03
-22.00000E-03,-100.11000E-03,-55.73968E-03
-21.95000E-03,-100.11000E-03,-56.49339E-03
-21.90000E-03,-100.11000E-03,-55.23711E-03
-21.85000E-03,-100.11000E-03,-53.88039E-03
-21.80000E-03,-100.11000E-03,-55.23711E-03
-21.75000E-03,-100.11000E-03,-55.73957E-03
-21.70000E-03,-100.11000E-03,-55.78993E-03
-21.65000E-03,-100.11000E-03,-56.49339E-03
-21.60000E-03,-100.11000E-03,-55.38792E-03
-21.55000E-03,-100.11000E-03,-56.44320E-03
-21.50000E-03,-100.11000E-03,-56.74459E-03
-21.45000E-03,-100.11000E-03,-56.49339E-03
-21.40000E-03,-106.14074E-03,-57.09647E-03
-21.35000E-03,-100.11000E-03,-57.34761E-03
-21.30000E-03,-100.11000E-03,-56.69446E-03
-21.25000E-03,-100.11000E-03,-57.74973E-03
-21.20000E-03,-102.11946E-03,-59.00596E-03
-21.15000E-03,-100.11000E-03,-56.89534E-03
-21.10000E-03,-100.11000E-03,-56.49339E-03
-21.05000E-03,-100.11000E-03,-56.14175E-03
-21.00000E-03,-100.11000E-03,-57.49836E-03
-20.95000E-03,-100.11000E-03,-55.28742E-03
-20.90000E-03,-100.11000E-03,-56.34270E-03
-20.85000E-03,-103.62699E-03,-56.84509E-03
-20.80000E-03,-100.11000E-03,-53.98083E-03
-20.75000E-03,-107.64709E-03,-54.48340E-03
-20.70000E-03,-100.11000E-03,-57.14654E-03
-20.65000E-03,-101.11563E-03,-55.23711E-03
-20.60000E-03,-100.11000E-03,-56.49339E-03
-20.55000E-03,-100.11000E-03,-57.44823E-03
-20.50000E-03,-100.11000E-03,-54.73466E-03
-20.45000E-03,-100.11000E-03,-57.04622E-03
-20.40000E-03,-100.11000E-03,-57.39786E-03
-20.35000E-03,-100.11000E-03,-56.49339E-03
-20.30000E-03,-100.11000E-03,-59.00596E-03
-20.25000E-03,-100.11000E-03,-60.01104E-03
-20.20000E-03,-100.11000E-03,-59.00596E-03
-20.15000E-03,-100.11000E-03,-58.35275E-03
-20.10000E-03,-100.11000E-03,-59.00596E-03
-20.05000E-03,-100.11000E-03,-58.80489E-03
-20.00000E-03,-100.11000E-03,-60.26224E-03
-19.95000E-03,-100.11000E-03,-61.31757E-03
-19.90000E-03,-100.11000E-03,-59.86029E-03
-19.85000E-03,-100.11000E-03,-59.60891E-03
-19.80000E-03,-100.11000E-03,-59.45828E-03
-19.75000E-03,-100.11000E-03,-58.00099E-03
-19.70000E-03,-100.11000E-03,-59.00596E-03
-19.65000E-03,-100.11000E-03,-61.36783E-03
-19.60000E-03,-100.11000E-03,-60.26224E-03
-19.55000E-03,-100.11000E-03,-60.26224E-03
-19.50000E-03,-100.11000E-03,-61.51852E-03
-19.45000E-03,-100.11000E-03,-59.96067E-03
-19.40000E-03,-100.11000E-03,-60.26224E-03
-19.35000E-03,-100.11000E-03,-57.85012E-03
-19.30000E-03,-100.11000E-03,-59.30740E-03
-19.25000E-03,-100.11000E-03,-59.50841E-03
-19.20000E-03,-100.11000E-03,-57.74967E-03
-19.15000E-03,-100.11000E-03,-59.91042E-03
-19.10000E-03,-100.11000E-03,-59.00596E-03
-19.05000E-03,-100.11000E-03,-57.74967E-03
-19.00000E-03,-112.67282E-03,-60.01104E-03
-18.95000E-03,-104.63199E-03,-60.26224E-03
-18.90000E-03,-100.11000E-03,-57.74967E-03
-18.85000E-03,-100.11000E-03,-59.40803E-03
-18.80000E-03,-100.11000E-03,-59.86010E-03
-18.75000E-03,-100.11000E-03,-57.74967E-03
-18.70000E-03,-100.11000E-03,-58.80501E-03
-18.65000E-03,-100.11000E-03,-58.15162E-03
-18.60000E-03,-106.13952E-03,-58.35263E-03
-18.55000E-03,-100.11000E-03,-57.39804E-03
-18.50000E-03,-100.11000E-03,-58.75464E-03
-18.45000E-03,-100.61315E-03,-58.90533E-03
-18.40000E-03,-100.11000E-03,-57.90036E-03
-18.35000E-03,-100.11000E-03,-58.10137E-03
-18.30000E-03,-100.11000E-03,-57.90056E-03
-18.25000E-03,-107.64705E-03,-58.00080E-03
-18.20000E-03,-100.11000E-03,-59.65909E-03
-18.15000E-03,-100.11000E-03,-54.18196E-03
-18.10000E-03,-100.11000E-03,-55.33755E-03
-18.05000E-03,-100.11000E-03,-57.80018E-03
-18.00000E-03,-100.11000E-03,-54.48328E-03
-17.95000E-03,-100.11000E-03,-56.64402E-03
-17.90000E-03,-100.11000E-03,-56.84522E-03
-17.85000E-03,-100.11000E-03,-56.04094E-03
-17.80000E-03,-100.11000E-03,-57.64930E-03
-17.75000E-03,-110.16090E-03,-53.98051E-03
-17.70000E-03,-100.11000E-03,-54.88522E-03
-17.65000E-03,-100.11000E-03,-55.73995E-03
-17.60000E-03,-100.11000E-03,-56.09132E-03
-17.55000E-03,-100.11000E-03,-56.09125E-03
-17.50000E-03,-100.11000E-03,-56.49339E-03
-17.45000E-03,-100.11000E-03,-56.89527E-03
-17.40000E-03,-100.11000E-03,-54.33233E-03
-17.35000E-03,-100.11000E-03,-53.82969E-03
-17.30000E-03,-100.11000E-03,-56.64363E-03
-17.25000E-03,-100.11000E-03,-53.47884E-03
-17.20000E-03,-100.11000E-03,-52.87550E-03
-17.15000E-03,-100.11000E-03,-61.62007E-03
-17.10000E-03,-100.11000E-03,-60.91655E-03
-17.05000E-03,-100.11000E-03,-54.18256E-03
-17.00000E-03,-100.11000E-03,-55.48889E-03
-16.95000E-03,-100.11000E-03,-58.40281E-03
-16.90000E-03,-100.11000E-03,-57.64911E-03
-16.85000E-03,-100.11000E-03,-66.69512E-03
-16.80000E-03,-100.11000E-03,-60.71522E-03
-16.75000E-03,-100.11000E-03,-57.24756E-03
-16.70000E-03,-100.11000E-03,-57.29781E-03
-16.65000E-03,-100.11000E-03,-50.81606E-03
-16.60000E-03,-100.11000E-03,-61.11578E-03
-16.55000E-03,-100.11000E-03,-63.32849E-03
-16.50000E-03,-100.11000E-03,-60.26257E-03
-16.45000E-03,-100.11000E-03,-54.18144E-03
-16.40000E-03,-100.11000E-03,-60.00998E-03
-16.35000E-03,-104.13077E-03,-57.14739E-03
-16.30000E-03,-100.11000E-03,-55.38833E-03
-16.25000E-03,-100.11000E-03,-59.00542E-03
-16.20000E-03,-100.11000E-03,-57.34780E-03
-16.15000E-03,-100.11000E-03,-52.87423E-03
-16.10000E-03,-100.11000E-03,-56.59416E-03
-16.05000E-03,-100.11000E-03,-53.02666E-03
-16.00000E-03,-100.11000E-03,-51.71926E-03
-15.95000E-03,-100.11000E-03,-48.05165E-03
-15.90000E-03,-100.11000E-03,-40.21084E-03
-15.85000E-03,-100.11000E-03,-49.00643E-03
-15.80000E-03,-100.11000E-03,-40.36348E-03
-15.75000E-03,-87.54719E-03,-32.37293E-03
-15.70000E-03,-100.11000E-03,-29.15678E-03
-15.65000E-03,-87.54719E-03,-11.97125E-03
-15.60000E-03,-87.54719E-03,-5.88977E-03
-15.55000E-03,-87.54719E-03,+8.63285E-03
-15.50000E-03,-74.98438E-03,+38.22948E-03
-15.45000E-03,-62.42156E-03,+94.06012E-03
-15.40000E-03,-49.85875E-03,+162.05150E-03
-15.35000E-03,-24.73312E-03,+276.37147E-03
-15.30000E-03,+392.51E-06,+394.01150E-03
-15.25000E-03,+38.08095E-03,+523.40863E-03
-15.20000E-03,+71.24747E-03,+647.72969E-03
-15.15000E-03,+106.92586E-03,+769.08565E-03
-15.10000E-03,+151.14628E-03,+871.95032E-03
-15.05000E-03,+178.28265E-03,+960.34180E-03
-15.00000E-03,+226.52316E-03,+1.02642234E+00
-14.95000E-03,+262.20225E-03,+1.08576866E+00
-14.90000E-03,+297.88064E-03,+1.12446157E+00
-14.85000E-03,+333.55903E-03,+1.15079303E+00
-14.80000E-03,+369.23742E-03,+1.16838097E+00
-14.75000E-03,+402.40256E-03,+1.17416007E+00
-14.70000E-03,+440.59421E-03,+1.17330545E+00
-14.65000E-03,+476.27260E-03,+1.16395858E+00
-14.60000E-03,+502.90508E-03,+1.15330559E+00
-14.55000E-03,+540.59352E-03,+1.15596904E+00
-14.50000E-03,+578.28196E-03,+1.18521590E+00
-14.45000E-03,+618.98618E-03,+1.23762810E+00
-14.40000E-03,+678.78447E-03,+1.30400994E+00
-14.35000E-03,+728.03140E-03,+1.37300506E+00
-14.30000E-03,+788.83543E-03,+1.43863306E+00
-14.25000E-03,+837.07663E-03,+1.49476378E+00
-14.20000E-03,+885.31784E-03,+1.53893436E+00
-14.15000E-03,+933.55905E-03,+1.57124570E+00
-14.10000E-03,+981.80025E-03,+1.58998935E+00
-14.05000E-03,+1.03004146E+00,+1.59812956E+00
-14.00000E-03,+1.07828267E+00,+1.59903430E+00
-13.95000E-03,+1.12652388E+00,+1.58888333E+00
-13.90000E-03,+1.16220227E+00,+1.57119454E+00
-13.85000E-03,+1.21044348E+00,+1.54576754E+00
-13.80000E-03,+1.24612187E+00,+1.51556661E+00
-13.75000E-03,+1.28180097E+00,+1.48621945E+00
-13.70000E-03,+1.31948800E+00,+1.44868197E+00
-13.65000E-03,+1.35717644E+00,+1.41280251E+00
-13.60000E-03,+1.39486488E+00,+1.37546582E+00
-13.55000E-03,+1.43707665E+00,+1.35556689E+00
-13.50000E-03,+1.48531786E+00,+1.36938634E+00
-13.45000E-03,+1.52099625E+00,+1.41134650E+00
-13.40000E-03,+1.58029344E+00,+1.46808031E+00
-13.35000E-03,+1.62652460E+00,+1.53064319E+00
-13.30000E-03,+1.68531857E+00,+1.58958792E+00
-13.25000E-03,+1.73908671E+00,+1.64225088E+00
-13.20000E-03,+1.78732791E+00,+1.67802970E+00
-13.15000E-03,+1.83556912E+00,+1.70280343E+00
-13.10000E-03,+1.88381033E+00,+1.71601922E+00
-13.05000E-03,+1.93205153E+00,+1.71767737E+00
-13.00000E-03,+1.98029274E+00,+1.70958685E+00
-12.95000E-03,+2.02300559E+00,+1.69184808E+00
-12.90000E-03,+2.06421234E+00,+1.66878254E+00
-12.85000E-03,+2.11245355E+00,+1.64109410E+00
-12.80000E-03,+2.14813194E+00,+1.60722460E+00
-12.75000E-03,+2.19637315E+00,+1.57214930E+00
-12.70000E-03,+2.23205154E+00,+1.53380752E+00
-12.65000E-03,+2.28029275E+00,+1.49270199E+00
-12.60000E-03,+2.31597114E+00,+1.45365691E+00
-12.55000E-03,+2.35366031E+00,+1.43114485E+00
-12.50000E-03,+2.41245356E+00,+1.44350710E+00
-12.45000E-03,+2.46069476E+00,+1.48315549E+00
-12.40000E-03,+2.50893597E+00,+1.54174889E+00
-12.35000E-03,+2.55717718E+00,+1.60084415E+00
-12.30000E-03,+2.60541838E+00,+1.65612031E+00
-12.25000E-03,+2.66622241E+00,+1.70255262E+00
-12.20000E-03,+2.71446361E+00,+1.73400954E+00
-12.15000E-03,+2.77526763E+00,+1.75476302E+00
-12.10000E-03,+2.82350884E+00,+1.76315497E+00
-12.05000E-03,+2.87175005E+00,+1.75993860E+00
-12.00000E-03,+2.91999126E+00,+1.74853149E+00
-11.95000E-03,+2.96823246E+00,+1.73124499E+00
-11.90000E-03,+3.01647367E+00,+1.70431024E+00
-11.85000E-03,+3.06471488E+00,+1.67159653E+00
-11.80000E-03,+3.11295608E+00,+1.63561655E+00
-11.75000E-03,+3.15365887E+00,+1.59752603E+00
-11.70000E-03,+3.19687569E+00,+1.55606867E+00
-11.65000E-03,+3.23255408E+00,+1.51481253E+00
-11.60000E-03,+3.26823247E+00,+1.47119444E+00
-11.55000E-03,+3.30441264E+00,+1.44737579E+00
-11.50000E-03,+3.35215207E+00,+1.46461256E+00
-11.45000E-03,+3.41295609E+00,+1.50843210E+00
-11.40000E-03,+3.47376011E+00,+1.57255286E+00
-11.35000E-03,+3.52602217E+00,+1.64134683E+00
-11.30000E-03,+3.58280534E+00,+1.69968839E+00
-11.25000E-03,+3.64360936E+00,+1.74752743E+00
-11.20000E-03,+3.70441339E+00,+1.78737653E+00
-11.15000E-03,+3.75265459E+00,+1.80747673E+00
-11.10000E-03,+3.80089580E+00,+1.81601922E+00
-11.05000E-03,+3.84913701E+00,+1.81616983E+00
-11.00000E-03,+3.90994103E+00,+1.80431031E+00
-10.95000E-03,+3.95818224E+00,+1.78491317E+00
-10.90000E-03,+4.00642344E+00,+1.75988797E+00
-10.85000E-03,+4.05466465E+00,+1.72611913E+00
-10.80000E-03,+4.10290586E+00,+1.68732516E+00
-10.75000E-03,+4.13858425E+00,+1.65028968E+00
-10.70000E-03,+4.17426264E+00,+1.60566679E+00
-10.65000E-03,+4.20994104E+00,+1.56340556E+00
-10.60000E-03,+4.24561943E+00,+1.52114403E+00
-10.55000E-03,+4.29386064E+00,+1.49531556E+00
-10.50000E-03,+4.33707747E+00,+1.51084373E+00
-10.45000E-03,+4.39034305E+00,+1.55622114E+00
-10.40000E-03,+4.43858426E+00,+1.61963838E+00
-10.35000E-03,+4.51195109E+00,+1.68918597E+00
-10.30000E-03,+4.56019230E+00,+1.74702494E+00
-10.25000E-03,+4.63355914E+00,+1.79451222E+00
-10.20000E-03,+4.68984131E+00,+1.83024071E+00
-10.15000E-03,+4.73607246E+00,+1.85109475E+00
-10.10000E-03,+4.79084557E+00,+1.85848154E+00
-10.05000E-03,+4.83908678E+00,+1.85662209E+00
-10.00000E-03,+4.89989080E+00,+1.84174749E+00
-9.95000E-03,+4.94813201E+00,+1.81908402E+00
-9.90000E-03,+4.99637321E+00,+1.79390814E+00
-9.85000E-03,+5.03858504E+00,+1.76365673E+00
-9.80000E-03,+5.08833225E+00,+1.72632004E+00
-9.75000E-03,+5.12853402E+00,+1.69074231E+00
-9.70000E-03,+5.16421241E+00,+1.64662155E+00
-9.65000E-03,+5.21245362E+00,+1.60425974E+00
-9.60000E-03,+5.26069483E+00,+1.56189793E+00
-9.55000E-03,+5.29637322E+00,+1.53184807E+00
-9.50000E-03,+5.34964033E+00,+1.53898436E+00
-9.45000E-03,+5.39587149E+00,+1.58184930E+00
-9.40000E-03,+5.45365966E+00,+1.64079403E+00
-9.35000E-03,+5.51446368E+00,+1.71767915E+00
-9.30000E-03,+5.56270489E+00,+1.83079519E+00
-9.25000E-03,+5.59838328E+00,+1.95456404E+00
-9.20000E-03,+5.65365889E+00,+2.08587057E+00
-9.15000E-03,+5.69486569E+00,+2.21989044E+00
-9.10000E-03,+5.74310690E+00,+2.33908634E+00
-9.05000E-03,+5.79134811E+00,+2.44873435E+00
-9.00000E-03,+5.83707753E+00,+2.55431208E+00
-8.95000E-03,+5.87526771E+00,+2.63933705E+00
-8.90000E-03,+5.92350892E+00,+2.71627188E+00
-8.85000E-03,+5.96772924E+00,+2.78792970E+00
-8.80000E-03,+6.00541768E+00,+2.84978916E+00
-8.75000E-03,+6.04310612E+00,+2.90707512E+00
-8.70000E-03,+6.07878530E+00,+2.96054246E+00
-8.65000E-03,+6.11446369E+00,+3.00983902E+00
-8.60000E-03,+6.14360864E+00,+3.05818104E+00
-8.55000E-03,+6.17325767E+00,+3.13652354E+00
-8.50000E-03,+6.22149887E+00,+3.28722816E+00
-8.45000E-03,+6.29486571E+00,+3.46029317E+00
-8.40000E-03,+6.35566973E+00,+3.55139609E+00
-8.35000E-03,+6.41647375E+00,+3.55245137E+00
-8.30000E-03,+6.48431374E+00,+3.55209945E+00
-8.25000E-03,+6.55567053E+00,+3.55280305E+00
-8.20000E-03,+6.62401144E+00,+3.55154677E+00
-8.15000E-03,+6.68481547E+00,+3.54209803E+00
-8.10000E-03,+6.74561949E+00,+3.42149406E+00
-8.05000E-03,+6.79386069E+00,+3.27822773E+00
-8.00000E-03,+6.86220320E+00,+3.13219781E+00
-7.95000E-03,+6.91546874E+00,+2.99601675E+00
-7.90000E-03,+6.96370994E+00,+2.85898189E+00
-7.85000E-03,+6.99938834E+00,+2.73541437E+00
-7.80000E-03,+7.04762954E+00,+2.62908303E+00
-7.75000E-03,+7.09587075E+00,+2.52591720E+00
-7.70000E-03,+7.13154914E+00,+2.43782675E+00
-7.65000E-03,+7.16722754E+00,+2.36400821E+00
-7.60000E-03,+7.20290593E+00,+2.29707378E+00
-7.55000E-03,+7.23858432E+00,+2.25933693E+00
-7.50000E-03,+7.28682553E+00,+2.29526754E+00
-7.45000E-03,+7.32250392E+00,+2.40069356E+00
-7.40000E-03,+7.38330795E+00,+2.56521842E+00
-7.35000E-03,+7.43154915E+00,+2.73295744E+00
-7.30000E-03,+7.49235317E+00,+2.89084552E+00
-7.25000E-03,+7.54310775E+00,+3.01486529E+00
-7.20000E-03,+7.60139840E+00,+3.08782996E+00
-7.15000E-03,+7.66220242E+00,+3.13049093E+00
-7.10000E-03,+7.71948967E+00,+3.15129511E+00
-7.05000E-03,+7.77124765E+00,+3.14802959E+00
-7.00000E-03,+7.83205167E+00,+3.12767653E+00
-6.95000E-03,+7.88029288E+00,+3.09591807E+00
-6.90000E-03,+7.92853409E+00,+3.06410756E+00
-6.85000E-03,+7.98833390E+00,+3.00642107E+00
-6.80000E-03,+8.03757932E+00,+2.94305342E+00
-6.75000E-03,+8.07325771E+00,+2.86611793E+00
-6.70000E-03,+8.12149892E+00,+2.79847933E+00
-6.65000E-03,+8.16974012E+00,+2.72581601E+00
-6.60000E-03,+8.20391016E+00,+2.65069177E+00
-6.55000E-03,+8.24109691E+00,+2.59963666E+00
-6.50000E-03,+8.27677530E+00,+2.60230120E+00
-6.45000E-03,+8.33305753E+00,+2.64391006E+00
-6.40000E-03,+8.39185150E+00,+2.70727764E+00
-6.35000E-03,+8.44662455E+00,+2.77164810E+00
-6.30000E-03,+8.50742857E+00,+2.82420960E+00
-6.25000E-03,+8.56823260E+00,+2.84551728E+00
-6.20000E-03,+8.62903662E+00,+2.85868221E+00
-6.15000E-03,+8.68984064E+00,+2.85114361E+00
-6.10000E-03,+8.75064466E+00,+2.83777727E+00
-6.05000E-03,+8.79888587E+00,+2.80230137E+00
-6.00000E-03,+8.84712707E+00,+2.76737460E+00
-5.95000E-03,+8.89536828E+00,+2.71782686E+00
-5.90000E-03,+8.94360949E+00,+2.67456260E+00
-5.85000E-03,+8.99185070E+00,+2.60843112E+00
-5.80000E-03,+9.02752909E+00,+2.54692342E+00
-5.75000E-03,+9.07577030E+00,+2.48345400E+00
-5.70000E-03,+9.11144869E+00,+2.41993675E+00
-5.65000E-03,+9.15968990E+00,+2.33652149E+00
-5.60000E-03,+9.19536829E+00,+2.26606756E+00
-5.55000E-03,+9.24360950E+00,+2.20531479E+00
-5.50000E-03,+9.29185070E+00,+2.18798028E+00
-5.45000E-03,+9.34712625E+00,+2.19787986E+00
-5.40000E-03,+9.40089593E+00,+2.23607115E+00
-5.35000E-03,+9.45064551E+00,+2.28707476E+00
-5.30000E-03,+9.50994116E+00,+2.32747718E+00
-5.25000E-03,+9.57074518E+00,+2.36436253E+00
-5.20000E-03,+9.63154920E+00,+2.37813087E+00
-5.15000E-03,+9.69235322E+00,+2.38611830E+00
-5.10000E-03,+9.74059443E+00,+2.38174669E+00
-5.05000E-03,+9.78883564E+00,+2.37601771E+00
-5.00000E-03,+9.83707769E+00,+2.34049151E+00
-4.95000E-03,+9.89587166E+00,+2.31003832E+00
-4.90000E-03,+9.93355926E+00,+2.27039016E+00
-4.85000E-03,+9.98180047E+00,+2.22586738E+00
-4.80000E-03,+10.01747886E+00,+2.17631955E+00
-4.75000E-03,+10.06572007E+00,+2.12315398E+00
-4.70000E-03,+10.10139846E+00,+2.06737508E+00
-4.65000E-03,+10.14963967E+00,+2.01300314E+00
-4.60000E-03,+10.17627199E+00,+1.95637023E+00
-4.55000E-03,+10.20843364E+00,+1.91013967E+00
-4.50000E-03,+10.25667485E+00,+1.90506488E+00
-4.45000E-03,+10.30793198E+00,+1.93803013E+00
-4.40000E-03,+10.36672595E+00,+1.99476372E+00
-4.35000E-03,+10.43808274E+00,+2.05536690E+00
-4.30000E-03,+10.48732812E+00,+2.11260291E+00
-4.25000E-03,+10.54813214E+00,+2.15933641E+00
-4.20000E-03,+10.60893616E+00,+2.19250198E+00
-4.15000E-03,+10.65717737E+00,+2.21305449E+00
-4.10000E-03,+10.70541857E+00,+2.22225022E+00
-4.05000E-03,+10.76622260E+00,+2.21380775E+00
-4.00000E-03,+10.81446380E+00,+2.20204895E+00
-3.95000E-03,+10.86270501E+00,+2.18023991E+00
-3.90000E-03,+10.91094622E+00,+2.14973705E+00
-3.85000E-03,+10.95918742E+00,+2.11616921E+00
-3.80000E-03,+11.01999145E+00,+2.07652106E+00
-3.75000E-03,+11.05566984E+00,+2.03521427E+00
-3.70000E-03,+11.09335742E+00,+1.98908378E+00
-3.65000E-03,+11.13958944E+00,+1.94250070E+00
-3.60000E-03,+11.17526783E+00,+1.89551577E+00
-3.55000E-03,+11.22350904E+00,+1.85878262E+00
-3.50000E-03,+11.27175025E+00,+1.85833123E+00
-3.45000E-03,+11.33255427E+00,+1.89627127E+00
-3.40000E-03,+11.39335829E+00,+1.95300511E+00
-3.35000E-03,+11.44159950E+00,+2.01466340E+00
-3.30000E-03,+11.50240352E+00,+2.07129657E+00
-3.25000E-03,+11.56320754E+00,+2.11536649E+00
-3.20000E-03,+11.61144875E+00,+2.14727586E+00
-3.15000E-03,+11.67225277E+00,+2.16742644E+00
-3.10000E-03,+11.73205264E+00,+2.17456195E+00
-3.05000E-03,+11.78129800E+00,+2.16928522E+00
-3.00000E-03,+11.82953920E+00,+2.15606914E+00
-2.95000E-03,+11.87778041E+00,+2.13420966E+00
-2.90000E-03,+11.93506597E+00,+2.10436024E+00
-2.85000E-03,+11.98531723E+00,+2.07044056E+00
-2.80000E-03,+12.02250403E+00,+2.03189776E+00
-2.75000E-03,+12.07074524E+00,+1.98973695E+00
-2.70000E-03,+12.11898645E+00,+1.94551576E+00
-2.65000E-03,+12.15466484E+00,+1.89918401E+00
-2.60000E-03,+12.19888507E+00,+1.85069173E+00
-2.55000E-03,+12.23858444E+00,+1.81456151E+00
-2.50000E-03,+12.27426283E+00,+1.80908483E+00
-2.45000E-03,+12.32250404E+00,+1.84014046E+00
-2.40000E-03,+12.38330806E+00,+1.89049239E+00
-2.35000E-03,+12.44411208E+00,+1.94375872E+00
-2.30000E-03,+12.50491610E+00,+1.99451249E+00
-2.25000E-03,+12.56572013E+00,+2.03848217E+00
-2.20000E-03,+12.61396133E+00,+2.06692420E+00
-2.15000E-03,+12.66220254E+00,+2.08627067E+00
-2.10000E-03,+12.71044375E+00,+2.09390868E+00
-2.05000E-03,+12.75868495E+00,+2.08908430E+00
-2.00000E-03,+12.80692616E+00,+2.07692349E+00
-1.95000E-03,+12.85516737E+00,+2.06008905E+00
-1.90000E-03,+12.90340858E+00,+2.03722473E+00
-1.85000E-03,+12.95164978E+00,+2.01561669E+00
-1.80000E-03,+12.99034236E+00,+1.99496351E+00
-1.75000E-03,+13.02803080E+00,+1.97240061E+00
-1.70000E-03,+13.07124778E+00,+1.94576745E+00
-1.65000E-03,+13.10692617E+00,+1.91933502E+00
-1.60000E-03,+13.14260456E+00,+1.88702346E+00
-1.55000E-03,+13.17828296E+00,+1.85948622E+00
-1.50000E-03,+13.23657531E+00,+1.86461247E+00
-1.45000E-03,+13.28732818E+00,+1.91124644E+00
-1.40000E-03,+13.34160044E+00,+1.99014146E+00
-1.35000E-03,+13.39637341E+00,+2.08722697E+00
-1.30000E-03,+13.44461462E+00,+2.17953835E+00
-1.25000E-03,+13.49285583E+00,+2.26009067E+00
-1.20000E-03,+13.54310618E+00,+2.31607021E+00
-1.15000E-03,+13.60190106E+00,+2.34727588E+00
-1.10000E-03,+13.65667583E+00,+2.35873280E+00
-1.05000E-03,+13.71094628E+00,+2.34576744E+00
-1.00000E-03,+13.77175030E+00,+2.31762664E+00
-950.00E-06,+13.82049493E+00,+2.27973692E+00
-900.00E-06,+13.87928890E+00,+2.23521422E+00
-850.00E-06,+13.91647393E+00,+2.18481212E+00
-800.00E-06,+13.96471513E+00,+2.13315401E+00
-750.00E-06,+14.00039353E+00,+2.07993775E+00
-700.00E-06,+14.03607192E+00,+2.02405826E+00
-650.00E-06,+14.07175031E+00,+1.96752569E+00
-600.00E-06,+14.11999152E+00,+1.91079193E+00
-550.00E-06,+14.15566991E+00,+1.86491308E+00
-500.00E-06,+14.20391112E+00,+1.85129562E+00
-450.00E-06,+14.26471514E+00,+1.88009023E+00
-400.00E-06,+14.32551916E+00,+1.93426154E+00
-350.00E-06,+14.38632318E+00,+1.99556798E+00
-300.00E-06,+14.44662561E+00,+2.05596999E+00
-250.00E-06,+14.49536841E+00,+2.10330640E+00
-200.00E-06,+14.55617243E+00,+2.13973820E+00
-150.00E-06,+14.61044471E+00,+2.16265259E+00
-100.00E-06,+14.66521766E+00,+2.17255190E+00
-50.00E-06,+14.71345887E+00,+2.17049132E+00
+0.0E+00,,
+50.00E-06,,
+100.00E-06,,
+150.00E-06,,
+200.00E-06,,
+250.00E-06,,
+300.00E-06,,
+350.00E-06,,
+400.00E-06,,
+450.00E-06,,
+500.00E-06,,
+550.00E-06,,
+600.00E-06,,
+650.00E-06,,
+700.00E-06,,
+750.00E-06,,
+800.00E-06,,
+850.00E-06,,
+900.00E-06,,
+950.00E-06,,
+1.00000E-03,,
+1.05000E-03,,
+1.10000E-03,,
+1.15000E-03,,
+1.20000E-03,,
+1.25000E-03,,
+1.30000E-03,,
+1.35000E-03,,
+1.40000E-03,,
+1.45000E-03,,
+1.50000E-03,,
+1.55000E-03,,
+1.60000E-03,,
+1.65000E-03,,
+1.70000E-03,,
+1.75000E-03,,
+1.80000E-03,,
+1.85000E-03,,
+1.90000E-03,,
+1.95000E-03,,
+2.00000E-03,,
+2.05000E-03,,
+2.10000E-03,,
+2.15000E-03,,
+2.20000E-03,,
+2.25000E-03,,
+2.30000E-03,,
+2.35000E-03,,
+2.40000E-03,,
+2.45000E-03,,
+2.50000E-03,,
+2.55000E-03,,
+2.60000E-03,,
+2.65000E-03,,
+2.70000E-03,,
+2.75000E-03,,
+2.80000E-03,,
+2.85000E-03,,
+2.90000E-03,,
+2.95000E-03,,
+3.00000E-03,,
+3.05000E-03,,
+3.10000E-03,,
+3.15000E-03,,
+3.20000E-03,,
+3.25000E-03,,
+3.30000E-03,,
+3.35000E-03,,
+3.40000E-03,,
+3.45000E-03,,
+3.50000E-03,,
+3.55000E-03,,
+3.60000E-03,,
+3.65000E-03,,
+3.70000E-03,,
+3.75000E-03,,
+3.80000E-03,,
+3.85000E-03,,
+3.90000E-03,,
+3.95000E-03,,
+4.00000E-03,,
+4.05000E-03,,
+4.10000E-03,,
+4.15000E-03,,
+4.20000E-03,,
+4.25000E-03,,
+4.30000E-03,,
+4.35000E-03,,
+4.40000E-03,,
+4.45000E-03,,
+4.50000E-03,,
+4.55000E-03,,
+4.60000E-03,,
+4.65000E-03,,
+4.70000E-03,,
+4.75000E-03,,
+4.80000E-03,,
+4.85000E-03,,
+4.90000E-03,,
+4.95000E-03,,
+5.00000E-03,,
+5.05000E-03,,
+5.10000E-03,,
+5.15000E-03,,
+5.20000E-03,,
+5.25000E-03,,
+5.30000E-03,,
+5.35000E-03,,
+5.40000E-03,,
+5.45000E-03,,
+5.50000E-03,,
+5.55000E-03,,
+5.60000E-03,,
+5.65000E-03,,
+5.70000E-03,,
+5.75000E-03,,
+5.80000E-03,,
+5.85000E-03,,
+5.90000E-03,,
+5.95000E-03,,
+6.00000E-03,,
+6.05000E-03,,
+6.10000E-03,,
+6.15000E-03,,
+6.20000E-03,,
+6.25000E-03,,
+6.30000E-03,,
+6.35000E-03,,
+6.40000E-03,,
+6.45000E-03,,
+6.50000E-03,,
+6.55000E-03,,
+6.60000E-03,,
+6.65000E-03,,
+6.70000E-03,,
+6.75000E-03,,
+6.80000E-03,,
+6.85000E-03,,
+6.90000E-03,,
+6.95000E-03,,
+7.00000E-03,,
+7.05000E-03,,
+7.10000E-03,,
+7.15000E-03,,
+7.20000E-03,,
+7.25000E-03,,
+7.30000E-03,,
+7.35000E-03,,
+7.40000E-03,,
+7.45000E-03,,
+7.50000E-03,,
+7.55000E-03,,
+7.60000E-03,,
+7.65000E-03,,
+7.70000E-03,,
+7.75000E-03,,
+7.80000E-03,,
+7.85000E-03,,
+7.90000E-03,,
+7.95000E-03,,
+8.00000E-03,,
+8.05000E-03,,
+8.10000E-03,,
+8.15000E-03,,
+8.20000E-03,,
+8.25000E-03,,
+8.30000E-03,,
+8.35000E-03,,
+8.40000E-03,,
+8.45000E-03,,
+8.50000E-03,,
+8.55000E-03,,
+8.60000E-03,,
+8.65000E-03,,
+8.70000E-03,,
+8.75000E-03,,
+8.80000E-03,,
+8.85000E-03,,
+8.90000E-03,,
+8.95000E-03,,
+9.00000E-03,,
+9.05000E-03,,
+9.10000E-03,,
+9.15000E-03,,
+9.20000E-03,,
+9.25000E-03,,
+9.30000E-03,,
+9.35000E-03,,
+9.40000E-03,,
+9.45000E-03,,
+9.50000E-03,,
+9.55000E-03,,
+9.60000E-03,,
+9.65000E-03,,
+9.70000E-03,,
+9.75000E-03,,
+9.80000E-03,,
+9.85000E-03,,
+9.90000E-03,,
+9.95000E-03,,
+10.00000E-03,,
+10.05000E-03,,
+10.10000E-03,,
+10.15000E-03,,
+10.20000E-03,,
+10.25000E-03,,
+10.30000E-03,,
+10.35000E-03,,
+10.40000E-03,,
+10.45000E-03,,
+10.50000E-03,,
+10.55000E-03,,
+10.60000E-03,,
+10.65000E-03,,
+10.70000E-03,,
+10.75000E-03,,
+10.80000E-03,,
+10.85000E-03,,
+10.90000E-03,,
+10.95000E-03,,
+11.00000E-03,,
+11.05000E-03,,
+11.10000E-03,,
+11.15000E-03,,
+11.20000E-03,,
+11.25000E-03,,
+11.30000E-03,,
+11.35000E-03,,
+11.40000E-03,,
+11.45000E-03,,
+11.50000E-03,,
+11.55000E-03,,
+11.60000E-03,,
+11.65000E-03,,
+11.70000E-03,,
+11.75000E-03,,
+11.80000E-03,,
+11.85000E-03,,
+11.90000E-03,,
+11.95000E-03,,
+12.00000E-03,,
+12.05000E-03,,
+12.10000E-03,,
+12.15000E-03,,
+12.20000E-03,,
+12.25000E-03,,
+12.30000E-03,,
+12.35000E-03,,
+12.40000E-03,,
+12.45000E-03,,
+12.50000E-03,,
+12.55000E-03,,
+12.60000E-03,,
+12.65000E-03,,
+12.70000E-03,,
+12.75000E-03,,
+12.80000E-03,,
+12.85000E-03,,
+12.90000E-03,,
+12.95000E-03,,
+13.00000E-03,,
+13.05000E-03,,
+13.10000E-03,,
+13.15000E-03,,
+13.20000E-03,,
+13.25000E-03,,
+13.30000E-03,,
+13.35000E-03,,
+13.40000E-03,,
+13.45000E-03,,
+13.50000E-03,,
+13.55000E-03,,
+13.60000E-03,,
+13.65000E-03,,
+13.70000E-03,,
+13.75000E-03,,
+13.80000E-03,,
+13.85000E-03,,
+13.90000E-03,,
+13.95000E-03,,
+14.00000E-03,,
+14.05000E-03,,
+14.10000E-03,,
+14.15000E-03,,
+14.20000E-03,,
+14.25000E-03,,
+14.30000E-03,,
+14.35000E-03,,
+14.40000E-03,,
+14.45000E-03,,
+14.50000E-03,,
+14.55000E-03,,
+14.60000E-03,,
+14.65000E-03,,
+14.70000E-03,,
+14.75000E-03,,
+14.80000E-03,,
+14.85000E-03,,
+14.90000E-03,,
+14.95000E-03,,
+15.00000E-03,,
+15.05000E-03,,
+15.10000E-03,,
+15.15000E-03,,
+15.20000E-03,,
+15.25000E-03,,
+15.30000E-03,,
+15.35000E-03,,
+15.40000E-03,,
+15.45000E-03,,
+15.50000E-03,,
+15.55000E-03,,
+15.60000E-03,,
+15.65000E-03,,
+15.70000E-03,,
+15.75000E-03,,
+15.80000E-03,,
+15.85000E-03,,
+15.90000E-03,,
+15.95000E-03,,
+16.00000E-03,,
+16.05000E-03,,
+16.10000E-03,,
+16.15000E-03,,
+16.20000E-03,,
+16.25000E-03,,
+16.30000E-03,,
+16.35000E-03,,
+16.40000E-03,,
+16.45000E-03,,
+16.50000E-03,,
+16.55000E-03,,
+16.60000E-03,,
+16.65000E-03,,
+16.70000E-03,,
+16.75000E-03,,
+16.80000E-03,,
+16.85000E-03,,
+16.90000E-03,,
+16.95000E-03,,
+17.00000E-03,,
+17.05000E-03,,
+17.10000E-03,,
+17.15000E-03,,
+17.20000E-03,,
+17.25000E-03,,
+17.30000E-03,,
+17.35000E-03,,
+17.40000E-03,,
+17.45000E-03,,
+17.50000E-03,,
+17.55000E-03,,
+17.60000E-03,,
+17.65000E-03,,
+17.70000E-03,,
+17.75000E-03,,
+17.80000E-03,,
+17.85000E-03,,
+17.90000E-03,,
+17.95000E-03,,
+18.00000E-03,,
+18.05000E-03,,
+18.10000E-03,,
+18.15000E-03,,
+18.20000E-03,,
+18.25000E-03,,
+18.30000E-03,,
+18.35000E-03,,
+18.40000E-03,,
+18.45000E-03,,
+18.50000E-03,,
+18.55000E-03,,
+18.60000E-03,,
+18.65000E-03,,
+18.70000E-03,,
+18.75000E-03,,
+18.80000E-03,,
+18.85000E-03,,
+18.90000E-03,,
+18.95000E-03,,
+19.00000E-03,,
+19.05000E-03,,
+19.10000E-03,,
+19.15000E-03,,
+19.20000E-03,,
+19.25000E-03,,
+19.30000E-03,,
+19.35000E-03,,
+19.40000E-03,,
+19.45000E-03,,
+19.50000E-03,,
+19.55000E-03,,
+19.60000E-03,,
+19.65000E-03,,
+19.70000E-03,,
+19.75000E-03,,
+19.80000E-03,,
+19.85000E-03,,
+19.90000E-03,,
+19.95000E-03,,
+20.00000E-03,,
+20.05000E-03,,
+20.10000E-03,,
+20.15000E-03,,
+20.20000E-03,,
+20.25000E-03,,
+20.30000E-03,,
+20.35000E-03,,
+20.40000E-03,,
+20.45000E-03,,
+20.50000E-03,,
+20.55000E-03,,
+20.60000E-03,,
+20.65000E-03,,
+20.70000E-03,,
+20.75000E-03,,
+20.80000E-03,,
+20.85000E-03,,
+20.90000E-03,,
+20.95000E-03,,
+21.00000E-03,,
+21.05000E-03,,
+21.10000E-03,,
+21.15000E-03,,
+21.20000E-03,,
+21.25000E-03,,
+21.30000E-03,,
+21.35000E-03,,
+21.40000E-03,,
+21.45000E-03,,
+21.50000E-03,,
+21.55000E-03,,
+21.60000E-03,,
+21.65000E-03,,
+21.70000E-03,,
+21.75000E-03,,
+21.80000E-03,,
+21.85000E-03,,
+21.90000E-03,,
+21.95000E-03,,
+22.00000E-03,,
+22.05000E-03,,
+22.10000E-03,,
+22.15000E-03,,
+22.20000E-03,,
+22.25000E-03,,
+22.30000E-03,,
+22.35000E-03,,
+22.40000E-03,,
+22.45000E-03,,
+22.50000E-03,,
+22.55000E-03,,
+22.60000E-03,,
+22.65000E-03,,
+22.70000E-03,,
+22.75000E-03,,
+22.80000E-03,,
+22.85000E-03,,
+22.90000E-03,,
+22.95000E-03,,
+23.00000E-03,,
+23.05000E-03,,
+23.10000E-03,,
+23.15000E-03,,
+23.20000E-03,,
+23.25000E-03,,
+23.30000E-03,,
+23.35000E-03,,
+23.40000E-03,,
+23.45000E-03,,
+23.50000E-03,,
+23.55000E-03,,
+23.60000E-03,,
+23.65000E-03,,
+23.70000E-03,,
+23.75000E-03,,
+23.80000E-03,,
+23.85000E-03,,
+23.90000E-03,,
+23.95000E-03,,
+24.00000E-03,,
+24.05000E-03,,
+24.10000E-03,,
+24.15000E-03,,
+24.20000E-03,,
+24.25000E-03,,
+24.30000E-03,,
+24.35000E-03,,
+24.40000E-03,,
+24.45000E-03,,
+24.50000E-03,,
+24.55000E-03,,
+24.60000E-03,,
+24.65000E-03,,
+24.70000E-03,,
+24.75000E-03,,
+24.80000E-03,,
+24.85000E-03,,
+24.90000E-03,,
+24.95000E-03,,
+25.00000E-03,,
+25.05000E-03,,
+25.10000E-03,,
+25.15000E-03,,
+25.20000E-03,,
+25.25000E-03,,
+25.30000E-03,,
+25.35000E-03,,
+25.40000E-03,,
+25.45000E-03,,
+25.50000E-03,,
+25.55000E-03,,
+25.60000E-03,,
+25.65000E-03,,
+25.70000E-03,,
+25.75000E-03,,
+25.80000E-03,,
+25.85000E-03,,
+25.90000E-03,,
+25.95000E-03,,
+26.00000E-03,,
+26.05000E-03,,
+26.10000E-03,,
+26.15000E-03,,
+26.20000E-03,,
+26.25000E-03,,
+26.30000E-03,,
+26.35000E-03,,
+26.40000E-03,,
+26.45000E-03,,
+26.50000E-03,,
+26.55000E-03,,
+26.60000E-03,,
+26.65000E-03,,
+26.70000E-03,,
+26.75000E-03,,
+26.80000E-03,,
+26.85000E-03,,
+26.90000E-03,,
+26.95000E-03,,
+27.00000E-03,,
+27.05000E-03,,
+27.10000E-03,,
+27.15000E-03,,
+27.20000E-03,,
+27.25000E-03,,
+27.30000E-03,,
+27.35000E-03,,
+27.40000E-03,,
+27.45000E-03,,
+27.50000E-03,,
+27.55000E-03,,
+27.60000E-03,,
+27.65000E-03,,
+27.70000E-03,,
+27.75000E-03,,
+27.80000E-03,,
+27.85000E-03,,
+27.90000E-03,,
+27.95000E-03,,
+28.00000E-03,,
+28.05000E-03,,
+28.10000E-03,,
+28.15000E-03,,
+28.20000E-03,,
+28.25000E-03,,
+28.30000E-03,,
+28.35000E-03,,
+28.40000E-03,,
+28.45000E-03,,
+28.50000E-03,,
+28.55000E-03,,
+28.60000E-03,,
+28.65000E-03,,
+28.70000E-03,,
+28.75000E-03,,
+28.80000E-03,,
+28.85000E-03,,
+28.90000E-03,,
+28.95000E-03,,
+29.00000E-03,,
+29.05000E-03,,
+29.10000E-03,,
+29.15000E-03,,
+29.20000E-03,,
+29.25000E-03,,
+29.30000E-03,,
+29.35000E-03,,
+29.40000E-03,,
+29.45000E-03,,
+29.50000E-03,,
+29.55000E-03,,
+29.60000E-03,,
+29.65000E-03,,
+29.70000E-03,,
+29.75000E-03,,
+29.80000E-03,,
+29.85000E-03,,
+29.90000E-03,,
+29.95000E-03,,
+30.00000E-03,,
+30.05000E-03,,
+30.10000E-03,,
+30.15000E-03,,
+30.20000E-03,,
+30.25000E-03,,
+30.30000E-03,,
+30.35000E-03,,
+30.40000E-03,,
+30.45000E-03,,
+30.50000E-03,,
+30.55000E-03,,
+30.60000E-03,,
+30.65000E-03,,
+30.70000E-03,,
+30.75000E-03,,
+30.80000E-03,,
+30.85000E-03,,
+30.90000E-03,,
+30.95000E-03,,
+31.00000E-03,,
+31.05000E-03,,
+31.10000E-03,,
+31.15000E-03,,
+31.20000E-03,,
+31.25000E-03,,
+31.30000E-03,,
+31.35000E-03,,
+31.40000E-03,,
+31.45000E-03,,
+31.50000E-03,,
+31.55000E-03,,
+31.60000E-03,,
+31.65000E-03,,
+31.70000E-03,,
+31.75000E-03,,
+31.80000E-03,,
+31.85000E-03,,
+31.90000E-03,,
+31.95000E-03,,
+32.00000E-03,,
+32.05000E-03,,
+32.10000E-03,,
+32.15000E-03,,
+32.20000E-03,,
+32.25000E-03,,
+32.30000E-03,,
+32.35000E-03,,
+32.40000E-03,,
+32.45000E-03,,
+32.50000E-03,,
+32.55000E-03,,
+32.60000E-03,,
+32.65000E-03,,
+32.70000E-03,,
+32.75000E-03,,
+32.80000E-03,,
+32.85000E-03,,
+32.90000E-03,,
+32.95000E-03,,
+33.00000E-03,,
+33.05000E-03,,
+33.10000E-03,,
+33.15000E-03,,
+33.20000E-03,,
+33.25000E-03,,
+33.30000E-03,,
+33.35000E-03,,
+33.40000E-03,,
+33.45000E-03,,
+33.50000E-03,,
+33.55000E-03,,
+33.60000E-03,,
+33.65000E-03,,
+33.70000E-03,,
+33.75000E-03,,
+33.80000E-03,,
+33.85000E-03,,
+33.90000E-03,,
+33.95000E-03,,
+34.00000E-03,,
+34.05000E-03,,
+34.10000E-03,,
+34.15000E-03,,
+34.20000E-03,,
+34.25000E-03,,
+34.30000E-03,,
+34.35000E-03,,
+34.40000E-03,,
+34.45000E-03,,
+34.50000E-03,,
+34.55000E-03,,
+34.60000E-03,,
+34.65000E-03,,
+34.70000E-03,,
+34.75000E-03,,
+34.80000E-03,,
+34.85000E-03,,
+34.90000E-03,,
+34.95000E-03,,
+35.00000E-03,,
+35.05000E-03,,
+35.10000E-03,,
+35.15000E-03,,
+35.20000E-03,,
+35.25000E-03,,
+35.30000E-03,,
+35.35000E-03,,
+35.40000E-03,,
+35.45000E-03,,
+35.50000E-03,,
+35.55000E-03,,
+35.60000E-03,,
+35.65000E-03,,
+35.70000E-03,,
+35.75000E-03,,
+35.80000E-03,,
+35.85000E-03,,
+35.90000E-03,,
+35.95000E-03,,
+36.00000E-03,,
+36.05000E-03,,
+36.10000E-03,,
+36.15000E-03,,
+36.20000E-03,,
+36.25000E-03,,
+36.30000E-03,,
+36.35000E-03,,
+36.40000E-03,,
+36.45000E-03,,
+36.50000E-03,,
+36.55000E-03,,
+36.60000E-03,,
+36.65000E-03,,
+36.70000E-03,,
+36.75000E-03,,
+36.80000E-03,,
+36.85000E-03,,
+36.90000E-03,,
+36.95000E-03,,
+37.00000E-03,,
+37.05000E-03,,
+37.10000E-03,,
+37.15000E-03,,
+37.20000E-03,,
+37.25000E-03,,
+37.30000E-03,,
+37.35000E-03,,
+37.40000E-03,,
+37.45000E-03,,
+37.50000E-03,,
+37.55000E-03,,
+37.60000E-03,,
+37.65000E-03,,
+37.70000E-03,,
+37.75000E-03,,
+37.80000E-03,,
+37.85000E-03,,
+37.90000E-03,,
+37.95000E-03,,
+38.00000E-03,,
+38.05000E-03,,
+38.10000E-03,,
+38.15000E-03,,
+38.20000E-03,,
+38.25000E-03,,
+38.30000E-03,,
+38.35000E-03,,
+38.40000E-03,,
+38.45000E-03,,
+38.50000E-03,,
+38.55000E-03,,
+38.60000E-03,,
+38.65000E-03,,
+38.70000E-03,,
+38.75000E-03,,
+38.80000E-03,,
+38.85000E-03,,
+38.90000E-03,,
+38.95000E-03,,
+39.00000E-03,,
+39.05000E-03,,
+39.10000E-03,,
+39.15000E-03,,
+39.20000E-03,,
+39.25000E-03,,
+39.30000E-03,,
+39.35000E-03,,
+39.40000E-03,,
+39.45000E-03,,
+39.50000E-03,,
+39.55000E-03,,
+39.60000E-03,,
+39.65000E-03,,
+39.70000E-03,,
+39.75000E-03,,
+39.80000E-03,,
+39.85000E-03,,
+39.90000E-03,,
+39.95000E-03,,
+40.00000E-03,,
+40.05000E-03,,
+40.10000E-03,,
+40.15000E-03,,
+40.20000E-03,,
+40.25000E-03,,
+40.30000E-03,,
+40.35000E-03,,
