x-axis,1
second,Volt
-100.0000E-06,-55.2763492E-03
-99.7500E-06,-15.0753446E-03
-99.5000E-06,-55.2763492E-03
-99.2500E-06,-55.2763492E-03
-99.0000E-06,-15.0753446E-03
-98.7500E-06,-55.2763492E-03
-98.5000E-06,-15.0753446E-03
-98.2500E-06,-55.2763492E-03
-98.0000E-06,-55.2763492E-03
-97.7500E-06,-95.4773538E-03
-97.5000E-06,-55.2763492E-03
-97.2500E-06,-55.2763492E-03
-97.0000E-06,-55.2763492E-03
-96.7500E-06,-55.2763492E-03
-96.5000E-06,-15.0753446E-03
-96.2500E-06,-95.4773538E-03
-96.0000E-06,-55.2763492E-03
-95.7500E-06,-55.2763492E-03
-95.5000E-06,-95.4773538E-03
-95.2500E-06,-55.2763492E-03
-95.0000E-06,-55.2763492E-03
-94.7500E-06,-55.2763492E-03
-94.5000E-06,-55.2763492E-03
-94.2500E-06,-55.2763492E-03
-94.0000E-06,-95.4773538E-03
-93.7500E-06,-55.2763492E-03
-93.5000E-06,-55.2763492E-03
-93.2500E-06,-15.0753446E-03
-93.0000E-06,-55.2763492E-03
-92.7500E-06,-55.2763492E-03
-92.5000E-06,-55.2763492E-03
-92.2500E-06,-55.2763492E-03
-92.0000E-06,-55.2763492E-03
-91.7500E-06,-95.4773538E-03
-91.5000E-06,-95.4773538E-03
-91.2500E-06,-55.2763492E-03
-91.0000E-06,-15.0753446E-03
-90.7500E-06,-55.2763492E-03
-90.5000E-06,-55.2763492E-03
-90.2500E-06,-95.4773538E-03
-90.0000E-06,-55.2763492E-03
-89.7500E-06,-55.2763492E-03
-89.5000E-06,-15.0753446E-03
-89.2500E-06,-55.2763492E-03
-89.0000E-06,-55.2763492E-03
-88.7500E-06,-55.2763492E-03
-88.5000E-06,-55.2763492E-03
-88.2500E-06,-55.2763492E-03
-88.0000E-06,-95.4773538E-03
-87.7500E-06,-55.2763492E-03
-87.5000E-06,-95.4773538E-03
-87.2500E-06,-55.2763492E-03
-87.0000E-06,-55.2763492E-03
-86.7500E-06,-15.0753446E-03
-86.5000E-06,-55.2763492E-03
-86.2500E-06,-15.0753446E-03
-86.0000E-06,-15.0753446E-03
-85.7500E-06,-55.2763492E-03
-85.5000E-06,-55.2763492E-03
-85.2500E-06,-55.2763492E-03
-85.0000E-06,-15.0753446E-03
-84.7500E-06,-55.2763492E-03
-84.5000E-06,-55.2763492E-03
-84.2500E-06,-55.2763492E-03
-84.0000E-06,-15.0753446E-03
-83.7500E-06,-55.2763492E-03
-83.5000E-06,-95.4773538E-03
-83.2500E-06,-55.2763492E-03
-83.0000E-06,-55.2763492E-03
-82.7500E-06,-55.2763492E-03
-82.5000E-06,-55.2763492E-03
-82.2500E-06,-55.2763492E-03
-82.0000E-06,-55.2763492E-03
-81.7500E-06,-55.2763492E-03
-81.5000E-06,-55.2763492E-03
-81.2500E-06,-55.2763492E-03
-81.0000E-06,-55.2763492E-03
-80.7500E-06,-55.2763492E-03
-80.5000E-06,-55.2763492E-03
-80.2500E-06,-55.2763492E-03
-80.0000E-06,-55.2763492E-03
-79.7500E-06,-95.4773538E-03
-79.5000E-06,-55.2763492E-03
-79.2500E-06,-55.2763492E-03
-79.0000E-06,-55.2763492E-03
-78.7500E-06,-55.2763492E-03
-78.5000E-06,-15.0753446E-03
-78.2500E-06,-95.4773538E-03
-78.0000E-06,-55.2763492E-03
-77.7500E-06,-95.4773538E-03
-77.5000E-06,-55.2763492E-03
-77.2500E-06,-55.2763492E-03
-77.0000E-06,-55.2763492E-03
-76.7500E-06,-55.2763492E-03
-76.5000E-06,-55.2763492E-03
-76.2500E-06,-95.4773538E-03
-76.0000E-06,-55.2763492E-03
-75.7500E-06,-95.4773538E-03
-75.5000E-06,-55.2763492E-03
-75.2500E-06,-55.2763492E-03
-75.0000E-06,-55.2763492E-03
-74.7500E-06,-55.2763492E-03
-74.5000E-06,-55.2763492E-03
-74.2500E-06,-95.4773538E-03
-74.0000E-06,-55.2763492E-03
-73.7500E-06,-55.2763492E-03
-73.5000E-06,-55.2763492E-03
-73.2500E-06,-95.4773538E-03
-73.0000E-06,-55.2763492E-03
-72.7500E-06,-55.2763492E-03
-72.5000E-06,-95.4773538E-03
-72.2500E-06,-95.4773538E-03
-72.0000E-06,-55.2763492E-03
-71.7500E-06,-95.4773538E-03
-71.5000E-06,-95.4773538E-03
-71.2500E-06,-95.4773538E-03
-71.0000E-06,-55.2763492E-03
-70.7500E-06,-15.0753446E-03
-70.5000E-06,-95.4773538E-03
-70.2500E-06,-95.4773538E-03
-70.0000E-06,-55.2763492E-03
-69.7500E-06,-95.4773538E-03
-69.5000E-06,-55.2763492E-03
-69.2500E-06,-55.2763492E-03
-69.0000E-06,-55.2763492E-03
-68.7500E-06,-55.2763492E-03
-68.5000E-06,-55.2763492E-03
-68.2500E-06,-55.2763492E-03
-68.0000E-06,-55.2763492E-03
-67.7500E-06,-15.0753446E-03
-67.5000E-06,-15.0753446E-03
-67.2500E-06,-55.2763492E-03
-67.0000E-06,-55.2763492E-03
-66.7500E-06,-55.2763492E-03
-66.5000E-06,-55.2763492E-03
-66.2500E-06,-95.4773538E-03
-66.0000E-06,-55.2763492E-03
-65.7500E-06,-55.2763492E-03
-65.5000E-06,-55.2763492E-03
-65.2500E-06,-55.2763492E-03
-65.0000E-06,-95.4773538E-03
-64.7500E-06,-55.2763492E-03
-64.5000E-06,-55.2763492E-03
-64.2500E-06,-55.2763492E-03
-64.0000E-06,-55.2763492E-03
-63.7500E-06,-55.2763492E-03
-63.5000E-06,-15.0753446E-03
-63.2500E-06,-55.2763492E-03
-63.0000E-06,-95.4773538E-03
-62.7500E-06,-55.2763492E-03
-62.5000E-06,-95.4773538E-03
-62.2500E-06,-55.2763492E-03
-62.0000E-06,-55.2763492E-03
-61.7500E-06,-95.4773538E-03
-61.5000E-06,-55.2763492E-03
-61.2500E-06,-55.2763492E-03
-61.0000E-06,-55.2763492E-03
-60.7500E-06,-55.2763492E-03
-60.5000E-06,-55.2763492E-03
-60.2500E-06,-55.2763492E-03
-60.0000E-06,-55.2763492E-03
-59.7500E-06,-55.2763492E-03
-59.5000E-06,-95.4773538E-03
-59.2500E-06,-95.4773538E-03
-59.0000E-06,-95.4773538E-03
-58.7500E-06,-55.2763492E-03
-58.5000E-06,-15.0753446E-03
-58.2500E-06,-55.2763492E-03
-58.0000E-06,-95.4773538E-03
-57.7500E-06,-55.2763492E-03
-57.5000E-06,-15.0753446E-03
-57.2500E-06,-55.2763492E-03
-57.0000E-06,-55.2763492E-03
-56.7500E-06,-55.2763492E-03
-56.5000E-06,-55.2763492E-03
-56.2500E-06,-55.2763492E-03
-56.0000E-06,-55.2763492E-03
-55.7500E-06,-55.2763492E-03
-55.5000E-06,-55.2763492E-03
-55.2500E-06,-55.2763492E-03
-55.0000E-06,-15.0753446E-03
-54.7500E-06,-95.4773538E-03
-54.5000E-06,-55.2763492E-03
-54.2500E-06,-55.2763492E-03
-54.0000E-06,-55.2763492E-03
-53.7500E-06,-55.2763492E-03
-53.5000E-06,-95.4773538E-03
-53.2500E-06,-95.4773538E-03
-53.0000E-06,-95.4773538E-03
-52.7500E-06,-55.2763492E-03
-52.5000E-06,-55.2763492E-03
-52.2500E-06,-55.2763492E-03
-52.0000E-06,-55.2763492E-03
-51.7500E-06,-55.2763492E-03
-51.5000E-06,-15.0753446E-03
-51.2500E-06,-55.2763492E-03
-51.0000E-06,-55.2763492E-03
-50.7500E-06,-15.0753446E-03
-50.5000E-06,-55.2763492E-03
-50.2500E-06,-55.2763492E-03
-50.0000E-06,-55.2763492E-03
-49.7500E-06,-55.2763492E-03
-49.5000E-06,-15.0753446E-03
-49.2500E-06,-95.4773538E-03
-49.0000E-06,-55.2763492E-03
-48.7500E-06,-95.4773538E-03
-48.5000E-06,-55.2763492E-03
-48.2500E-06,-55.2763492E-03
-48.0000E-06,-55.2763492E-03
-47.7500E-06,-95.4773538E-03
-47.5000E-06,-95.4773538E-03
-47.2500E-06,-55.2763492E-03
-47.0000E-06,-95.4773538E-03
-46.7500E-06,-55.2763492E-03
-46.5000E-06,-15.0753446E-03
-46.2500E-06,-55.2763492E-03
-46.0000E-06,-55.2763492E-03
-45.7500E-06,-55.2763492E-03
-45.5000E-06,-55.2763492E-03
-45.2500E-06,-55.2763492E-03
-45.0000E-06,-95.4773538E-03
-44.7500E-06,-55.2763492E-03
-44.5000E-06,-15.0753446E-03
-44.2500E-06,-55.2763492E-03
-44.0000E-06,-15.0753446E-03
-43.7500E-06,-95.4773538E-03
-43.5000E-06,-55.2763492E-03
-43.2500E-06,-15.0753446E-03
-43.0000E-06,-55.2763492E-03
-42.7500E-06,-55.2763492E-03
-42.5000E-06,-55.2763492E-03
-42.2500E-06,-55.2763492E-03
-42.0000E-06,-55.2763492E-03
-41.7500E-06,-55.2763492E-03
-41.5000E-06,-95.4773538E-03
-41.2500E-06,-55.2763492E-03
-41.0000E-06,-55.2763492E-03
-40.7500E-06,-55.2763492E-03
-40.5000E-06,-55.2763492E-03
-40.2500E-06,-15.0753446E-03
-40.0000E-06,-15.0753446E-03
-39.7500E-06,-95.4773538E-03
-39.5000E-06,-55.2763492E-03
-39.2500E-06,-55.2763492E-03
-39.0000E-06,-55.2763492E-03
-38.7500E-06,-15.0753446E-03
-38.5000E-06,-55.2763492E-03
-38.2500E-06,-55.2763492E-03
-38.0000E-06,-15.0753446E-03
-37.7500E-06,-15.0753446E-03
-37.5000E-06,-55.2763492E-03
-37.2500E-06,-95.4773538E-03
-37.0000E-06,-55.2763492E-03
-36.7500E-06,-55.2763492E-03
-36.5000E-06,-55.2763492E-03
-36.2500E-06,-55.2763492E-03
-36.0000E-06,-55.2763492E-03
-35.7500E-06,-55.2763492E-03
-35.5000E-06,-55.2763492E-03
-35.2500E-06,-55.2763492E-03
-35.0000E-06,-55.2763492E-03
-34.7500E-06,-95.4773538E-03
-34.5000E-06,-55.2763492E-03
-34.2500E-06,-55.2763492E-03
-34.0000E-06,-95.4773538E-03
-33.7500E-06,-95.4773538E-03
-33.5000E-06,-55.2763492E-03
-33.2500E-06,-15.0753446E-03
-33.0000E-06,-95.4773538E-03
-32.7500E-06,-55.2763492E-03
-32.5000E-06,-55.2763492E-03
-32.2500E-06,-55.2763492E-03
-32.0000E-06,-55.2763492E-03
-31.7500E-06,-55.2763492E-03
-31.5000E-06,-55.2763492E-03
-31.2500E-06,-55.2763492E-03
-31.0000E-06,-55.2763492E-03
-30.7500E-06,-55.2763492E-03
-30.5000E-06,-55.2763492E-03
-30.2500E-06,-55.2763492E-03
-30.0000E-06,-15.0753446E-03
-29.7500E-06,-55.2763492E-03
-29.5000E-06,-55.2763492E-03
-29.2500E-06,-95.4773538E-03
-29.0000E-06,-55.2763492E-03
-28.7500E-06,-15.0753446E-03
-28.5000E-06,-15.0753446E-03
-28.2500E-06,-55.2763492E-03
-28.0000E-06,-55.2763492E-03
-27.7500E-06,-15.0753446E-03
-27.5000E-06,-15.0753446E-03
-27.2500E-06,-55.2763492E-03
-27.0000E-06,-95.4773538E-03
-26.7500E-06,-55.2763492E-03
-26.5000E-06,-15.0753446E-03
-26.2500E-06,-55.2763492E-03
-26.0000E-06,-15.0753446E-03
-25.7500E-06,-55.2763492E-03
-25.5000E-06,-55.2763492E-03
-25.2500E-06,-55.2763492E-03
-25.0000E-06,-95.4773538E-03
-24.7500E-06,-55.2763492E-03
-24.5000E-06,-15.0753446E-03
-24.2500E-06,-55.2763492E-03
-24.0000E-06,-55.2763492E-03
-23.7500E-06,-55.2763492E-03
-23.5000E-06,-55.2763492E-03
-23.2500E-06,-55.2763492E-03
-23.0000E-06,-15.0753446E-03
-22.7500E-06,-15.0753446E-03
-22.5000E-06,-55.2763492E-03
-22.2500E-06,-55.2763492E-03
-22.0000E-06,-55.2763492E-03
-21.7500E-06,-55.2763492E-03
-21.5000E-06,-15.0753446E-03
-21.2500E-06,-55.2763492E-03
-21.0000E-06,-15.0753446E-03
-20.7500E-06,-15.0753446E-03
-20.5000E-06,-55.2763492E-03
-20.2500E-06,-55.2763492E-03
-20.0000E-06,-55.2763492E-03
-19.7500E-06,-15.0753446E-03
-19.5000E-06,-15.0753446E-03
-19.2500E-06,-55.2763492E-03
-19.0000E-06,-55.2763492E-03
-18.7500E-06,-55.2763492E-03
-18.5000E-06,-15.0753446E-03
-18.2500E-06,-55.2763492E-03
-18.0000E-06,-55.2763492E-03
-17.7500E-06,-55.2763492E-03
-17.5000E-06,-15.0753446E-03
-17.2500E-06,-55.2763492E-03
-17.0000E-06,-15.0753446E-03
-16.7500E-06,-55.2763492E-03
-16.5000E-06,-15.0753446E-03
-16.2500E-06,-55.2763492E-03
-16.0000E-06,-55.2763492E-03
-15.7500E-06,-55.2763492E-03
-15.5000E-06,-15.0753446E-03
-15.2500E-06,-15.0753446E-03
-15.0000E-06,-55.2763492E-03
-14.7500E-06,-15.0753446E-03
-14.5000E-06,-55.2763492E-03
-14.2500E-06,-55.2763492E-03
-14.0000E-06,-55.2763492E-03
-13.7500E-06,-55.2763492E-03
-13.5000E-06,-55.2763492E-03
-13.2500E-06,-15.0753446E-03
-13.0000E-06,-15.0753446E-03
-12.7500E-06,-15.0753446E-03
-12.5000E-06,-55.2763492E-03
-12.2500E-06,-55.2763492E-03
-12.0000E-06,-15.0753446E-03
-11.7500E-06,-55.2763492E-03
-11.5000E-06,-55.2763492E-03
-11.2500E-06,-55.2763492E-03
-11.0000E-06,-15.0753446E-03
-10.7500E-06,-15.0753446E-03
-10.5000E-06,-55.2763492E-03
-10.2500E-06,-55.2763492E-03
-10.0000E-06,-55.2763492E-03
-9.7500E-06,-15.0753446E-03
-9.5000E-06,-95.4773538E-03
-9.2500E-06,-15.0753446E-03
-9.0000E-06,-15.0753446E-03
-8.7500E-06,-55.2763492E-03
-8.5000E-06,-55.2763492E-03
-8.2500E-06,-55.2763492E-03
-8.0000E-06,-55.2763492E-03
-7.7500E-06,-15.0753446E-03
-7.5000E-06,-55.2763492E-03
-7.2500E-06,-15.0753446E-03
-7.0000E-06,-15.0753446E-03
-6.7500E-06,-55.2763492E-03
-6.5000E-06,-15.0753446E-03
-6.2500E-06,-55.2763492E-03
-6.0000E-06,-15.0753446E-03
-5.7500E-06,-55.2763492E-03
-5.5000E-06,-15.0753446E-03
-5.2500E-06,-55.2763492E-03
-5.0000E-06,-15.0753446E-03
-4.7500E-06,-55.2763492E-03
-4.5000E-06,-55.2763492E-03
-4.2500E-06,-55.2763492E-03
-4.0000E-06,-15.0753446E-03
-3.7500E-06,-15.0753446E-03
-3.5000E-06,-15.0753446E-03
-3.2500E-06,-55.2763492E-03
-3.0000E-06,-15.0753446E-03
-2.7500E-06,-55.2763492E-03
-2.5000E-06,-55.2763492E-03
-2.2500E-06,-15.0753446E-03
-2.0000E-06,-15.0753446E-03
-1.7500E-06,-55.2763492E-03
-1.5000E-06,-55.2763492E-03
-1.2500E-06,-15.0753446E-03
-1.0000E-06,-15.0753446E-03
-750.0E-09,-15.0753446E-03
-500.0E-09,-55.2763492E-03
-250.0E-09,-55.2763492E-03
+0.0E+00,+105.5276692E-03
+250.0E-09,+1.3115578070E+00
+500.0E-09,+2.9195979908E+00
+750.0E-09,+4.1256281287E+00
+1.0000E-06,+5.0502512343E+00
+1.2500E-06,+5.0502512343E+00
+1.5000E-06,+5.0904522389E+00
+1.7500E-06,+5.1306532435E+00
+2.0000E-06,+5.0904522389E+00
+2.2500E-06,+5.1306532435E+00
+2.5000E-06,+5.0904522389E+00
+2.7500E-06,+5.0904522389E+00
+3.0000E-06,+5.1306532435E+00
+3.2500E-06,+5.1306532435E+00
+3.5000E-06,+5.1708542481E+00
+3.7500E-06,+5.0904522389E+00
+4.0000E-06,+5.0904522389E+00
+4.2500E-06,+5.1306532435E+00
+4.5000E-06,+5.1306532435E+00
+4.7500E-06,+5.1306532435E+00
+5.0000E-06,+5.1306532435E+00
+5.2500E-06,+5.1306532435E+00
+5.5000E-06,+5.1306532435E+00
+5.7500E-06,+5.1306532435E+00
+6.0000E-06,+5.1708542481E+00
+6.2500E-06,+5.1708542481E+00
+6.5000E-06,+5.1306532435E+00
+6.7500E-06,+5.1306532435E+00
+7.0000E-06,+5.1708542481E+00
+7.2500E-06,+5.1306532435E+00
+7.5000E-06,+5.1306532435E+00
+7.7500E-06,+5.1708542481E+00
+8.0000E-06,+5.1708542481E+00
+8.2500E-06,+5.1306532435E+00
+8.5000E-06,+5.1306532435E+00
+8.7500E-06,+5.0904522389E+00
+9.0000E-06,+5.1708542481E+00
+9.2500E-06,+5.1306532435E+00
+9.5000E-06,+5.1306532435E+00
+9.7500E-06,+5.0904522389E+00
+10.0000E-06,+5.1306532435E+00
+10.2500E-06,+5.1306532435E+00
+10.5000E-06,+5.1306532435E+00
+10.7500E-06,+5.1306532435E+00
+11.0000E-06,+5.1708542481E+00
+11.2500E-06,+5.1306532435E+00
+11.5000E-06,+5.1708542481E+00
+11.7500E-06,+5.1306532435E+00
+12.0000E-06,+5.1708542481E+00
+12.2500E-06,+5.1306532435E+00
+12.5000E-06,+5.1306532435E+00
+12.7500E-06,+5.1306532435E+00
+13.0000E-06,+5.1708542481E+00
+13.2500E-06,+5.1306532435E+00
+13.5000E-06,+5.1306532435E+00
+13.7500E-06,+5.1708542481E+00
+14.0000E-06,+5.1708542481E+00
+14.2500E-06,+5.1708542481E+00
+14.5000E-06,+5.1708542481E+00
+14.7500E-06,+5.1306532435E+00
+15.0000E-06,+5.1708542481E+00
+15.2500E-06,+5.1306532435E+00
+15.5000E-06,+5.1708542481E+00
+15.7500E-06,+5.1708542481E+00
+16.0000E-06,+5.1306532435E+00
+16.2500E-06,+5.1708542481E+00
+16.5000E-06,+5.1708542481E+00
+16.7500E-06,+5.1708542481E+00
+17.0000E-06,+5.1708542481E+00
+17.2500E-06,+5.1708542481E+00
+17.5000E-06,+5.1708542481E+00
+17.7500E-06,+5.1708542481E+00
+18.0000E-06,+5.2110552527E+00
+18.2500E-06,+5.1708542481E+00
+18.5000E-06,+5.1708542481E+00
+18.7500E-06,+5.1708542481E+00
+19.0000E-06,+5.1708542481E+00
+19.2500E-06,+5.1708542481E+00
+19.5000E-06,+5.1708542481E+00
+19.7500E-06,+5.2110552527E+00
+20.0000E-06,+5.1306532435E+00
+20.2500E-06,+5.1708542481E+00
+20.5000E-06,+5.1708542481E+00
+20.7500E-06,+5.2110552527E+00
+21.0000E-06,+5.1306532435E+00
+21.2500E-06,+5.1708542481E+00
+21.5000E-06,+5.1708542481E+00
+21.7500E-06,+5.1306532435E+00
+22.0000E-06,+5.1708542481E+00
+22.2500E-06,+5.1306532435E+00
+22.5000E-06,+5.2110552527E+00
+22.7500E-06,+5.1708542481E+00
+23.0000E-06,+5.1708542481E+00
+23.2500E-06,+5.1708542481E+00
+23.5000E-06,+5.2110552527E+00
+23.7500E-06,+5.1708542481E+00
+24.0000E-06,+5.1708542481E+00
+24.2500E-06,+5.1708542481E+00
+24.5000E-06,+5.2110552527E+00
+24.7500E-06,+5.1708542481E+00
+25.0000E-06,+5.1708542481E+00
+25.2500E-06,+5.1708542481E+00
+25.5000E-06,+5.1708542481E+00
+25.7500E-06,+5.1708542481E+00
+26.0000E-06,+5.1708542481E+00
+26.2500E-06,+5.2110552527E+00
+26.5000E-06,+5.1708542481E+00
+26.7500E-06,+5.1708542481E+00
+27.0000E-06,+5.2110552527E+00
+27.2500E-06,+5.1708542481E+00
+27.5000E-06,+5.1708542481E+00
+27.7500E-06,+5.1708542481E+00
+28.0000E-06,+5.1708542481E+00
+28.2500E-06,+5.2110552527E+00
+28.5000E-06,+5.2110552527E+00
+28.7500E-06,+5.1708542481E+00
+29.0000E-06,+5.2110552527E+00
+29.2500E-06,+5.1708542481E+00
+29.5000E-06,+5.2110552527E+00
+29.7500E-06,+5.1306532435E+00
+30.0000E-06,+5.1708542481E+00
+30.2500E-06,+5.2110552527E+00
+30.5000E-06,+5.2110552527E+00
+30.7500E-06,+5.1708542481E+00
+31.0000E-06,+5.1708542481E+00
+31.2500E-06,+5.2110552527E+00
+31.5000E-06,+5.1708542481E+00
+31.7500E-06,+5.2110552527E+00
+32.0000E-06,+5.2110552527E+00
+32.2500E-06,+5.2110552527E+00
+32.5000E-06,+5.1708542481E+00
+32.7500E-06,+5.2110552527E+00
+33.0000E-06,+5.1708542481E+00
+33.2500E-06,+5.1708542481E+00
+33.5000E-06,+5.1708542481E+00
+33.7500E-06,+5.1708542481E+00
+34.0000E-06,+5.1708542481E+00
+34.2500E-06,+5.1708542481E+00
+34.5000E-06,+5.2110552527E+00
+34.7500E-06,+5.1708542481E+00
+35.0000E-06,+5.2110552527E+00
+35.2500E-06,+5.1708542481E+00
+35.5000E-06,+5.1708542481E+00
+35.7500E-06,+5.2110552527E+00
+36.0000E-06,+5.1306532435E+00
+36.2500E-06,+5.2110552527E+00
+36.5000E-06,+5.1708542481E+00
+36.7500E-06,+5.2110552527E+00
+37.0000E-06,+5.1708542481E+00
+37.2500E-06,+5.1708542481E+00
+37.5000E-06,+5.2110552527E+00
+37.7500E-06,+5.2110552527E+00
+38.0000E-06,+5.1708542481E+00
+38.2500E-06,+5.2110552527E+00
+38.5000E-06,+5.2110552527E+00
+38.7500E-06,+5.2110552527E+00
+39.0000E-06,+5.1708542481E+00
+39.2500E-06,+5.1708542481E+00
+39.5000E-06,+5.1708542481E+00
+39.7500E-06,+5.1708542481E+00
+40.0000E-06,+5.2110552527E+00
+40.2500E-06,+5.2110552527E+00
+40.5000E-06,+5.2110552527E+00
+40.7500E-06,+5.1708542481E+00
+41.0000E-06,+5.1708542481E+00
+41.2500E-06,+5.1708542481E+00
+41.5000E-06,+5.2110552527E+00
+41.7500E-06,+5.1708542481E+00
+42.0000E-06,+5.1708542481E+00
+42.2500E-06,+5.2110552527E+00
+42.5000E-06,+5.2110552527E+00
+42.7500E-06,+5.2110552527E+00
+43.0000E-06,+5.1708542481E+00
+43.2500E-06,+5.1708542481E+00
+43.5000E-06,+5.1708542481E+00
+43.7500E-06,+5.1708542481E+00
+44.0000E-06,+5.2110552527E+00
+44.2500E-06,+5.1708542481E+00
+44.5000E-06,+5.2110552527E+00
+44.7500E-06,+5.1708542481E+00
+45.0000E-06,+5.1708542481E+00
+45.2500E-06,+5.1708542481E+00
+45.5000E-06,+5.2110552527E+00
+45.7500E-06,+5.2110552527E+00
+46.0000E-06,+5.1708542481E+00
+46.2500E-06,+5.1708542481E+00
+46.5000E-06,+5.1708542481E+00
+46.7500E-06,+5.2110552527E+00
+47.0000E-06,+5.1708542481E+00
+47.2500E-06,+5.2110552527E+00
+47.5000E-06,+5.2110552527E+00
+47.7500E-06,+5.2110552527E+00
+48.0000E-06,+5.2110552527E+00
+48.2500E-06,+5.1708542481E+00
+48.5000E-06,+5.2110552527E+00
+48.7500E-06,+5.1708542481E+00
+49.0000E-06,+5.2110552527E+00
+49.2500E-06,+5.2110552527E+00
+49.5000E-06,+5.2110552527E+00
+49.7500E-06,+5.2110552527E+00
+50.0000E-06,+5.2110552527E+00
+50.2500E-06,+5.2110552527E+00
+50.5000E-06,+5.1708542481E+00
+50.7500E-06,+5.1708542481E+00
+51.0000E-06,+5.1708542481E+00
+51.2500E-06,+5.1708542481E+00
+51.5000E-06,+5.1708542481E+00
+51.7500E-06,+5.2110552527E+00
+52.0000E-06,+5.1708542481E+00
+52.2500E-06,+5.2110552527E+00
+52.5000E-06,+5.2110552527E+00
+52.7500E-06,+5.1708542481E+00
+53.0000E-06,+5.2110552527E+00
+53.2500E-06,+5.1708542481E+00
+53.5000E-06,+5.1708542481E+00
+53.7500E-06,+5.1708542481E+00
+54.0000E-06,+5.1708542481E+00
+54.2500E-06,+5.2110552527E+00
+54.5000E-06,+5.1708542481E+00
+54.7500E-06,+5.1708542481E+00
+55.0000E-06,+5.1708542481E+00
+55.2500E-06,+5.1708542481E+00
+55.5000E-06,+5.2110552527E+00
+55.7500E-06,+5.2110552527E+00
+56.0000E-06,+5.1708542481E+00
+56.2500E-06,+5.1708542481E+00
+56.5000E-06,+5.2110552527E+00
+56.7500E-06,+5.1708542481E+00
+57.0000E-06,+5.1708542481E+00
+57.2500E-06,+5.2110552527E+00
+57.5000E-06,+5.1708542481E+00
+57.7500E-06,+5.2110552527E+00
+58.0000E-06,+5.2110552527E+00
+58.2500E-06,+5.1708542481E+00
+58.5000E-06,+5.1708542481E+00
+58.7500E-06,+5.1708542481E+00
+59.0000E-06,+5.1708542481E+00
+59.2500E-06,+5.2110552527E+00
+59.5000E-06,+5.1708542481E+00
+59.7500E-06,+5.2110552527E+00
+60.0000E-06,+5.2110552527E+00
+60.2500E-06,+5.2110552527E+00
+60.5000E-06,+5.1708542481E+00
+60.7500E-06,+5.1708542481E+00
+61.0000E-06,+5.1708542481E+00
+61.2500E-06,+5.2110552527E+00
+61.5000E-06,+5.2110552527E+00
+61.7500E-06,+5.2110552527E+00
+62.0000E-06,+5.1708542481E+00
+62.2500E-06,+5.2110552527E+00
+62.5000E-06,+5.2512562573E+00
+62.7500E-06,+5.2110552527E+00
+63.0000E-06,+5.1708542481E+00
+63.2500E-06,+5.2110552527E+00
+63.5000E-06,+5.2110552527E+00
+63.7500E-06,+5.2512562573E+00
+64.0000E-06,+5.1708542481E+00
+64.2500E-06,+5.2110552527E+00
+64.5000E-06,+5.2110552527E+00
+64.7500E-06,+5.2110552527E+00
+65.0000E-06,+5.2110552527E+00
+65.2500E-06,+5.2512562573E+00
+65.5000E-06,+5.2110552527E+00
+65.7500E-06,+5.1708542481E+00
+66.0000E-06,+5.1708542481E+00
+66.2500E-06,+5.1708542481E+00
+66.5000E-06,+5.2110552527E+00
+66.7500E-06,+5.1708542481E+00
+67.0000E-06,+5.1708542481E+00
+67.2500E-06,+5.2110552527E+00
+67.5000E-06,+5.1708542481E+00
+67.7500E-06,+5.2110552527E+00
+68.0000E-06,+5.2110552527E+00
+68.2500E-06,+5.1708542481E+00
+68.5000E-06,+5.2110552527E+00
+68.7500E-06,+5.1708542481E+00
+69.0000E-06,+5.2110552527E+00
+69.2500E-06,+5.2110552527E+00
+69.5000E-06,+5.2110552527E+00
+69.7500E-06,+5.1708542481E+00
+70.0000E-06,+5.2512562573E+00
+70.2500E-06,+5.1708542481E+00
+70.5000E-06,+5.1708542481E+00
+70.7500E-06,+5.1708542481E+00
+71.0000E-06,+5.2110552527E+00
+71.2500E-06,+5.1708542481E+00
+71.5000E-06,+5.1306532435E+00
+71.7500E-06,+5.1708542481E+00
+72.0000E-06,+5.2110552527E+00
+72.2500E-06,+5.2110552527E+00
+72.5000E-06,+5.2110552527E+00
+72.7500E-06,+5.2110552527E+00
+73.0000E-06,+5.2110552527E+00
+73.2500E-06,+5.1708542481E+00
+73.5000E-06,+5.2110552527E+00
+73.7500E-06,+5.1708542481E+00
+74.0000E-06,+5.1708542481E+00
+74.2500E-06,+5.1708542481E+00
+74.5000E-06,+5.1708542481E+00
+74.7500E-06,+5.2110552527E+00
+75.0000E-06,+5.1708542481E+00
+75.2500E-06,+5.1708542481E+00
+75.5000E-06,+5.1708542481E+00
+75.7500E-06,+5.2110552527E+00
+76.0000E-06,+5.2110552527E+00
+76.2500E-06,+5.1708542481E+00
+76.5000E-06,+5.1708542481E+00
+76.7500E-06,+5.1708542481E+00
+77.0000E-06,+5.2110552527E+00
+77.2500E-06,+5.1708542481E+00
+77.5000E-06,+5.1708542481E+00
+77.7500E-06,+5.1708542481E+00
+78.0000E-06,+5.1708542481E+00
+78.2500E-06,+5.1708542481E+00
+78.5000E-06,+5.2110552527E+00
+78.7500E-06,+5.1708542481E+00
+79.0000E-06,+5.2110552527E+00
+79.2500E-06,+5.1708542481E+00
+79.5000E-06,+5.1708542481E+00
+79.7500E-06,+5.1708542481E+00
+80.0000E-06,+5.1306532435E+00
+80.2500E-06,+5.1708542481E+00
+80.5000E-06,+5.1306532435E+00
+80.7500E-06,+5.1708542481E+00
+81.0000E-06,+5.1708542481E+00
+81.2500E-06,+5.1708542481E+00
+81.5000E-06,+5.2110552527E+00
+81.7500E-06,+5.1306532435E+00
+82.0000E-06,+5.1708542481E+00
+82.2500E-06,+5.2110552527E+00
+82.5000E-06,+5.1708542481E+00
+82.7500E-06,+5.1708542481E+00
+83.0000E-06,+5.1708542481E+00
+83.2500E-06,+5.1708542481E+00
+83.5000E-06,+5.2110552527E+00
+83.7500E-06,+5.2110552527E+00
+84.0000E-06,+5.1708542481E+00
+84.2500E-06,+5.1708542481E+00
+84.5000E-06,+5.1708542481E+00
+84.7500E-06,+5.1708542481E+00
+85.0000E-06,+5.1708542481E+00
+85.2500E-06,+5.1708542481E+00
+85.5000E-06,+5.1708542481E+00
+85.7500E-06,+5.1708542481E+00
+86.0000E-06,+5.1708542481E+00
+86.2500E-06,+5.1708542481E+00
+86.5000E-06,+5.1708542481E+00
+86.7500E-06,+5.1708542481E+00
+87.0000E-06,+5.1708542481E+00
+87.2500E-06,+5.1708542481E+00
+87.5000E-06,+5.1708542481E+00
+87.7500E-06,+5.1708542481E+00
+88.0000E-06,+5.1708542481E+00
+88.2500E-06,+5.1708542481E+00
+88.5000E-06,+5.1708542481E+00
+88.7500E-06,+5.1306532435E+00
+89.0000E-06,+5.1306532435E+00
+89.2500E-06,+5.1708542481E+00
+89.5000E-06,+5.1708542481E+00
+89.7500E-06,+5.1708542481E+00
+90.0000E-06,+5.1708542481E+00
+90.2500E-06,+5.1708542481E+00
+90.5000E-06,+5.1708542481E+00
+90.7500E-06,+5.1306532435E+00
+91.0000E-06,+5.1306532435E+00
+91.2500E-06,+5.1708542481E+00
+91.5000E-06,+5.1708542481E+00
+91.7500E-06,+5.1708542481E+00
+92.0000E-06,+5.1306532435E+00
+92.2500E-06,+5.1708542481E+00
+92.5000E-06,+5.1708542481E+00
+92.7500E-06,+5.1306532435E+00
+93.0000E-06,+5.1708542481E+00
+93.2500E-06,+5.1708542481E+00
+93.5000E-06,+5.1306532435E+00
+93.7500E-06,+5.1708542481E+00
+94.0000E-06,+5.1708542481E+00
+94.2500E-06,+5.1708542481E+00
+94.5000E-06,+5.1708542481E+00
+94.7500E-06,+5.1708542481E+00
+95.0000E-06,+5.1708542481E+00
+95.2500E-06,+5.1708542481E+00
+95.5000E-06,+5.1708542481E+00
+95.7500E-06,+5.1306532435E+00
+96.0000E-06,+5.1306532435E+00
+96.2500E-06,+5.1708542481E+00
+96.5000E-06,+5.1306532435E+00
+96.7500E-06,+5.1708542481E+00
+97.0000E-06,+5.1306532435E+00
+97.2500E-06,+5.1708542481E+00
+97.5000E-06,+5.1708542481E+00
+97.7500E-06,+5.1306532435E+00
+98.0000E-06,+5.1306532435E+00
+98.2500E-06,+5.1708542481E+00
+98.5000E-06,+5.1708542481E+00
+98.7500E-06,+5.1708542481E+00
+99.0000E-06,+5.1708542481E+00
+99.2500E-06,+5.1306532435E+00
+99.5000E-06,+5.1708542481E+00
+99.7500E-06,+5.1708542481E+00
+100.0000E-06,+5.1306532435E+00
+100.2500E-06,+5.1708542481E+00
+100.5000E-06,+5.1708542481E+00
+100.7500E-06,+5.1708542481E+00
+101.0000E-06,+5.1306532435E+00
+101.2500E-06,+5.1708542481E+00
+101.5000E-06,+5.1708542481E+00
+101.7500E-06,+5.1306532435E+00
+102.0000E-06,+5.1708542481E+00
+102.2500E-06,+5.1708542481E+00
+102.5000E-06,+5.1708542481E+00
+102.7500E-06,+5.1708542481E+00
+103.0000E-06,+5.1708542481E+00
+103.2500E-06,+5.1708542481E+00
+103.5000E-06,+5.1708542481E+00
+103.7500E-06,+5.1306532435E+00
+104.0000E-06,+5.1708542481E+00
+104.2500E-06,+5.1306532435E+00
+104.5000E-06,+5.1306532435E+00
+104.7500E-06,+5.1306532435E+00
+105.0000E-06,+5.1306532435E+00
+105.2500E-06,+5.1306532435E+00
+105.5000E-06,+5.1708542481E+00
+105.7500E-06,+5.1708542481E+00
+106.0000E-06,+5.1306532435E+00
+106.2500E-06,+5.1708542481E+00
+106.5000E-06,+5.1708542481E+00
+106.7500E-06,+5.1708542481E+00
+107.0000E-06,+5.1306532435E+00
+107.2500E-06,+5.1306532435E+00
+107.5000E-06,+5.1708542481E+00
+107.7500E-06,+5.1708542481E+00
+108.0000E-06,+5.1708542481E+00
+108.2500E-06,+5.1708542481E+00
+108.5000E-06,+5.1306532435E+00
+108.7500E-06,+5.1306532435E+00
+109.0000E-06,+5.1306532435E+00
+109.2500E-06,+5.1708542481E+00
+109.5000E-06,+5.1708542481E+00
+109.7500E-06,+5.1306532435E+00
+110.0000E-06,+5.1708542481E+00
+110.2500E-06,+5.1306532435E+00
+110.5000E-06,+5.1306532435E+00
+110.7500E-06,+5.1306532435E+00
+111.0000E-06,+5.1306532435E+00
+111.2500E-06,+5.1306532435E+00
+111.5000E-06,+5.1708542481E+00
+111.7500E-06,+5.1708542481E+00
+112.0000E-06,+5.1306532435E+00
+112.2500E-06,+5.1306532435E+00
+112.5000E-06,+5.1708542481E+00
+112.7500E-06,+5.1306532435E+00
+113.0000E-06,+5.1708542481E+00
+113.2500E-06,+5.1708542481E+00
+113.5000E-06,+5.1306532435E+00
+113.7500E-06,+5.0904522389E+00
+114.0000E-06,+5.1708542481E+00
+114.2500E-06,+5.1708542481E+00
+114.5000E-06,+5.1708542481E+00
+114.7500E-06,+5.1708542481E+00
+115.0000E-06,+5.1708542481E+00
+115.2500E-06,+5.1306532435E+00
+115.5000E-06,+5.1306532435E+00
+115.7500E-06,+5.1306532435E+00
+116.0000E-06,+5.1708542481E+00
+116.2500E-06,+5.1306532435E+00
+116.5000E-06,+5.1306532435E+00
+116.7500E-06,+5.1306532435E+00
+117.0000E-06,+5.1306532435E+00
+117.2500E-06,+5.1306532435E+00
+117.5000E-06,+5.0904522389E+00
+117.7500E-06,+5.1708542481E+00
+118.0000E-06,+5.1306532435E+00
+118.2500E-06,+5.1708542481E+00
+118.5000E-06,+5.1708542481E+00
+118.7500E-06,+5.1306532435E+00
+119.0000E-06,+5.1306532435E+00
+119.2500E-06,+5.1708542481E+00
+119.5000E-06,+5.1306532435E+00
+119.7500E-06,+5.1306532435E+00
+120.0000E-06,+5.1306532435E+00
+120.2500E-06,+5.1708542481E+00
+120.5000E-06,+5.0904522389E+00
+120.7500E-06,+5.1306532435E+00
+121.0000E-06,+5.1306532435E+00
+121.2500E-06,+5.1306532435E+00
+121.5000E-06,+5.1306532435E+00
+121.7500E-06,+5.1306532435E+00
+122.0000E-06,+5.1306532435E+00
+122.2500E-06,+5.1306532435E+00
+122.5000E-06,+5.1306532435E+00
+122.7500E-06,+5.1306532435E+00
+123.0000E-06,+5.1306532435E+00
+123.2500E-06,+5.1306532435E+00
+123.5000E-06,+5.1306532435E+00
+123.7500E-06,+5.1306532435E+00
+124.0000E-06,+5.1306532435E+00
+124.2500E-06,+5.1306532435E+00
+124.5000E-06,+5.1306532435E+00
+124.7500E-06,+5.1708542481E+00
+125.0000E-06,+5.1306532435E+00
+125.2500E-06,+5.0904522389E+00
+125.5000E-06,+5.1306532435E+00
+125.7500E-06,+5.1306532435E+00
+126.0000E-06,+5.1306532435E+00
+126.2500E-06,+5.1306532435E+00
+126.5000E-06,+5.1306532435E+00
+126.7500E-06,+5.1306532435E+00
+127.0000E-06,+5.1306532435E+00
+127.2500E-06,+5.1708542481E+00
+127.5000E-06,+5.1708542481E+00
+127.7500E-06,+5.1708542481E+00
+128.0000E-06,+5.1306532435E+00
+128.2500E-06,+5.1306532435E+00
+128.5000E-06,+5.2110552527E+00
+128.7500E-06,+5.1306532435E+00
+129.0000E-06,+5.1306532435E+00
+129.2500E-06,+5.1306532435E+00
+129.5000E-06,+5.1306532435E+00
+129.7500E-06,+5.1708542481E+00
+130.0000E-06,+5.1306532435E+00
+130.2500E-06,+5.1306532435E+00
+130.5000E-06,+5.1708542481E+00
+130.7500E-06,+5.0904522389E+00
+131.0000E-06,+5.1708542481E+00
+131.2500E-06,+5.0904522389E+00
+131.5000E-06,+5.1306532435E+00
+131.7500E-06,+5.1708542481E+00
+132.0000E-06,+5.1306532435E+00
+132.2500E-06,+5.1306532435E+00
+132.5000E-06,+5.1708542481E+00
+132.7500E-06,+5.1708542481E+00
+133.0000E-06,+5.1306532435E+00
+133.2500E-06,+5.1306532435E+00
+133.5000E-06,+5.1306532435E+00
+133.7500E-06,+5.1306532435E+00
+134.0000E-06,+5.1306532435E+00
+134.2500E-06,+5.1306532435E+00
+134.5000E-06,+5.1306532435E+00
+134.7500E-06,+5.1306532435E+00
+135.0000E-06,+5.1306532435E+00
+135.2500E-06,+5.1306532435E+00
+135.5000E-06,+5.1306532435E+00
+135.7500E-06,+5.0904522389E+00
+136.0000E-06,+5.0904522389E+00
+136.2500E-06,+5.1708542481E+00
+136.5000E-06,+5.0904522389E+00
+136.7500E-06,+5.1306532435E+00
+137.0000E-06,+5.1708542481E+00
+137.2500E-06,+5.1306532435E+00
+137.5000E-06,+5.1306532435E+00
+137.7500E-06,+5.1306532435E+00
+138.0000E-06,+5.1306532435E+00
+138.2500E-06,+5.1306532435E+00
+138.5000E-06,+5.1708542481E+00
+138.7500E-06,+5.1708542481E+00
+139.0000E-06,+4.5678391792E+00
+139.2500E-06,+4.0050251149E+00
+139.5000E-06,+3.6030150689E+00
+139.7500E-06,+3.3618090413E+00
+140.0000E-06,+3.2010050230E+00
+140.2500E-06,+3.2010050230E+00
+140.5000E-06,+3.2010050230E+00
+140.7500E-06,+3.2412060276E+00
+141.0000E-06,+3.2412060276E+00
+141.2500E-06,+3.2814070322E+00
+141.5000E-06,+3.2814070322E+00
+141.7500E-06,+3.3216080368E+00
+142.0000E-06,+3.3216080367E+00
+142.2500E-06,+3.2814070322E+00
+142.5000E-06,+3.3216080368E+00
+142.7500E-06,+3.3216080368E+00
+143.0000E-06,+3.3216080368E+00
+143.2500E-06,+3.3216080367E+00
+143.5000E-06,+3.3216080367E+00
+143.7500E-06,+3.3216080367E+00
+144.0000E-06,+3.2814070322E+00
+144.2500E-06,+3.2814070322E+00
+144.5000E-06,+3.2814070322E+00
+144.7500E-06,+3.2412060276E+00
+145.0000E-06,+3.2412060276E+00
+145.2500E-06,+3.2010050230E+00
+145.5000E-06,+3.2412060276E+00
+145.7500E-06,+3.2412060276E+00
+146.0000E-06,+3.2412060276E+00
+146.2500E-06,+3.2814070322E+00
+146.5000E-06,+3.2412060276E+00
+146.7500E-06,+3.2412060276E+00
+147.0000E-06,+3.2412060276E+00
+147.2500E-06,+3.2412060276E+00
+147.5000E-06,+3.2412060276E+00
+147.7500E-06,+3.2412060276E+00
+148.0000E-06,+3.2412060276E+00
+148.2500E-06,+3.2412060276E+00
+148.5000E-06,+3.2010050230E+00
+148.7500E-06,+3.2010050230E+00
+149.0000E-06,+3.1608040184E+00
+149.2500E-06,+3.1608040184E+00
+149.5000E-06,+3.1206030138E+00
+149.7500E-06,+3.0804020092E+00
+150.0000E-06,+3.1608040184E+00
+150.2500E-06,+3.1206030138E+00
+150.5000E-06,+3.1206030138E+00
+150.7500E-06,+3.1206030138E+00
+151.0000E-06,+3.1608040184E+00
+151.2500E-06,+3.1206030138E+00
+151.5000E-06,+3.1206030138E+00
+151.7500E-06,+3.1608040184E+00
+152.0000E-06,+3.1608040184E+00
+152.2500E-06,+3.1608040184E+00
+152.5000E-06,+3.1608040184E+00
+152.7500E-06,+3.1206030138E+00
+153.0000E-06,+3.1608040184E+00
+153.2500E-06,+3.1608040184E+00
+153.5000E-06,+3.1608040184E+00
+153.7500E-06,+3.1608040184E+00
+154.0000E-06,+3.1608040184E+00
+154.2500E-06,+3.1608040184E+00
+154.5000E-06,+3.0402010046E+00
+154.7500E-06,+3.0000000000E+00
+155.0000E-06,+2.9195979908E+00
+155.2500E-06,+2.8793969862E+00
+155.5000E-06,+2.8391959816E+00
+155.7500E-06,+2.7989949770E+00
+156.0000E-06,+2.7989949770E+00
+156.2500E-06,+2.7587939724E+00
+156.5000E-06,+2.7587939724E+00
+156.7500E-06,+2.6783919633E+00
+157.0000E-06,+2.6783919632E+00
+157.2500E-06,+2.6381909587E+00
+157.5000E-06,+2.6381909586E+00
+157.7500E-06,+2.5577889495E+00
+158.0000E-06,+2.5577889495E+00
+158.2500E-06,+2.5175879449E+00
+158.5000E-06,+2.4371859357E+00
+158.7500E-06,+2.4371859357E+00
+159.0000E-06,+2.3969849311E+00
+159.2500E-06,+2.3567839265E+00
+159.5000E-06,+2.3567839265E+00
+159.7500E-06,+2.3165829219E+00
+160.0000E-06,+2.2763819173E+00
+160.2500E-06,+2.2361809127E+00
+160.5000E-06,+2.2361809127E+00
+160.7500E-06,+2.1959799081E+00
+161.0000E-06,+2.1959799081E+00
+161.2500E-06,+2.1959799081E+00
+161.5000E-06,+2.1959799081E+00
+161.7500E-06,+1.7537688576E+00
+162.0000E-06,+1.1909547933E+00
+162.2500E-06,+869.3467565E-03
+162.5000E-06,+668.3417335E-03
+162.7500E-06,+427.1357059E-03
+163.0000E-06,+306.5326922E-03
+163.2500E-06,+266.3316876E-03
+163.5000E-06,+185.9296784E-03
+163.7500E-06,+105.5276692E-03
+164.0000E-06,+65.3266646E-03
+164.2500E-06,+25.1256600E-03
+164.5000E-06,-15.0753446E-03
+164.7500E-06,+25.1256600E-03
+165.0000E-06,-15.0753446E-03
+165.2500E-06,-55.2763492E-03
+165.5000E-06,-55.2763492E-03
+165.7500E-06,-55.2763492E-03
+166.0000E-06,-95.4773538E-03
+166.2500E-06,-95.4773538E-03
+166.5000E-06,-55.2763492E-03
+166.7500E-06,-55.2763492E-03
+167.0000E-06,-55.2763492E-03
+167.2500E-06,-15.0753446E-03
+167.5000E-06,-95.4773538E-03
+167.7500E-06,-95.4773538E-03
+168.0000E-06,-95.4773538E-03
+168.2500E-06,-55.2763492E-03
+168.5000E-06,-55.2763492E-03
+168.7500E-06,-55.2763492E-03
+169.0000E-06,-95.4773538E-03
+169.2500E-06,-95.4773538E-03
+169.5000E-06,-55.2763492E-03
+169.7500E-06,-15.0753446E-03
+170.0000E-06,-55.2763492E-03
+170.2500E-06,-95.4773538E-03
+170.5000E-06,-95.4773538E-03
+170.7500E-06,-55.2763492E-03
+171.0000E-06,-15.0753446E-03
+171.2500E-06,-95.4773538E-03
+171.5000E-06,-55.2763492E-03
+171.7500E-06,-95.4773538E-03
+172.0000E-06,-55.2763492E-03
+172.2500E-06,-55.2763492E-03
+172.5000E-06,-95.4773538E-03
+172.7500E-06,-55.2763492E-03
+173.0000E-06,-55.2763492E-03
+173.2500E-06,-55.2763492E-03
+173.5000E-06,-95.4773538E-03
+173.7500E-06,-55.2763492E-03
+174.0000E-06,-55.2763492E-03
+174.2500E-06,-55.2763492E-03
+174.5000E-06,-95.4773538E-03
+174.7500E-06,-55.2763492E-03
+175.0000E-06,-55.2763492E-03
+175.2500E-06,-95.4773538E-03
+175.5000E-06,-55.2763492E-03
+175.7500E-06,-55.2763492E-03
+176.0000E-06,-55.2763492E-03
+176.2500E-06,-55.2763492E-03
+176.5000E-06,-55.2763492E-03
+176.7500E-06,-95.4773538E-03
+177.0000E-06,-55.2763492E-03
+177.2500E-06,-55.2763492E-03
+177.5000E-06,-95.4773538E-03
+177.7500E-06,-95.4773538E-03
+178.0000E-06,-95.4773538E-03
+178.2500E-06,-55.2763492E-03
+178.5000E-06,-95.4773538E-03
+178.7500E-06,-55.2763492E-03
+179.0000E-06,-55.2763492E-03
+179.2500E-06,-55.2763492E-03
+179.5000E-06,-55.2763492E-03
+179.7500E-06,-95.4773538E-03
+180.0000E-06,-95.4773538E-03
+180.2500E-06,-95.4773538E-03
+180.5000E-06,-55.2763492E-03
+180.7500E-06,-55.2763492E-03
+181.0000E-06,-55.2763492E-03
+181.2500E-06,-55.2763492E-03
+181.5000E-06,-55.2763492E-03
+181.7500E-06,-55.2763492E-03
+182.0000E-06,-95.4773538E-03
+182.2500E-06,-55.2763492E-03
+182.5000E-06,-55.2763492E-03
+182.7500E-06,-55.2763492E-03
+183.0000E-06,-55.2763492E-03
+183.2500E-06,-55.2763492E-03
+183.5000E-06,-55.2763492E-03
+183.7500E-06,-95.4773538E-03
+184.0000E-06,-55.2763492E-03
+184.2500E-06,-55.2763492E-03
+184.5000E-06,-95.4773538E-03
+184.7500E-06,-55.2763492E-03
+185.0000E-06,-55.2763492E-03
+185.2500E-06,-95.4773538E-03
+185.5000E-06,-55.2763492E-03
+185.7500E-06,-55.2763492E-03
+186.0000E-06,-55.2763492E-03
+186.2500E-06,-95.4773538E-03
+186.5000E-06,-55.2763492E-03
+186.7500E-06,-95.4773538E-03
+187.0000E-06,-95.4773538E-03
+187.2500E-06,-55.2763492E-03
+187.5000E-06,-55.2763492E-03
+187.7500E-06,-95.4773538E-03
+188.0000E-06,-55.2763492E-03
+188.2500E-06,-55.2763492E-03
+188.5000E-06,-95.4773538E-03
+188.7500E-06,-55.2763492E-03
+189.0000E-06,-55.2763492E-03
+189.2500E-06,-15.0753446E-03
+189.5000E-06,-95.4773538E-03
+189.7500E-06,-95.4773538E-03
+190.0000E-06,-55.2763492E-03
+190.2500E-06,-95.4773538E-03
+190.5000E-06,-15.0753446E-03
+190.7500E-06,-55.2763492E-03
+191.0000E-06,-95.4773538E-03
+191.2500E-06,-95.4773538E-03
+191.5000E-06,-95.4773538E-03
+191.7500E-06,-95.4773538E-03
+192.0000E-06,-55.2763492E-03
+192.2500E-06,-95.4773538E-03
+192.5000E-06,-95.4773538E-03
+192.7500E-06,-95.4773538E-03
+193.0000E-06,-55.2763492E-03
+193.2500E-06,-95.4773538E-03
+193.5000E-06,-55.2763492E-03
+193.7500E-06,-55.2763492E-03
+194.0000E-06,-55.2763492E-03
+194.2500E-06,-55.2763492E-03
+194.5000E-06,-95.4773538E-03
+194.7500E-06,-95.4773538E-03
+195.0000E-06,-55.2763492E-03
+195.2500E-06,-95.4773538E-03
+195.5000E-06,-55.2763492E-03
+195.7500E-06,-55.2763492E-03
+196.0000E-06,-55.2763492E-03
+196.2500E-06,-95.4773538E-03
+196.5000E-06,-55.2763492E-03
+196.7500E-06,-55.2763492E-03
+197.0000E-06,-55.2763492E-03
+197.2500E-06,-55.2763492E-03
+197.5000E-06,-95.4773538E-03
+197.7500E-06,-95.4773538E-03
+198.0000E-06,-55.2763492E-03
+198.2500E-06,-15.0753446E-03
+198.5000E-06,-95.4773538E-03
+198.7500E-06,-55.2763492E-03
+199.0000E-06,-55.2763492E-03
+199.2500E-06,-15.0753446E-03
+199.5000E-06,-55.2763492E-03
+199.7500E-06,-55.2763492E-03
+200.0000E-06,-95.4773538E-03
+200.2500E-06,-55.2763492E-03
+200.5000E-06,-55.2763492E-03
+200.7500E-06,-95.4773537E-03
+201.0000E-06,-55.2763492E-03
+201.2500E-06,-55.2763492E-03
+201.5000E-06,-15.0753446E-03
+201.7500E-06,-15.0753446E-03
+202.0000E-06,-95.4773538E-03
+202.2500E-06,-15.0753446E-03
+202.5000E-06,-55.2763492E-03
+202.7500E-06,-55.2763492E-03
+203.0000E-06,-55.2763492E-03
+203.2500E-06,-55.2763492E-03
+203.5000E-06,-55.2763492E-03
+203.7500E-06,-95.4773538E-03
+204.0000E-06,-55.2763492E-03
+204.2500E-06,-95.4773538E-03
+204.5000E-06,-55.2763492E-03
+204.7500E-06,-55.2763492E-03
+205.0000E-06,-55.2763492E-03
+205.2500E-06,-55.2763492E-03
+205.5000E-06,-55.2763492E-03
+205.7500E-06,-15.0753446E-03
+206.0000E-06,-95.4773538E-03
+206.2500E-06,-55.2763492E-03
+206.5000E-06,-95.4773538E-03
+206.7500E-06,-55.2763492E-03
+207.0000E-06,-55.2763492E-03
+207.2500E-06,-55.2763492E-03
+207.5000E-06,-55.2763492E-03
+207.7500E-06,-55.2763492E-03
+208.0000E-06,-55.2763492E-03
+208.2500E-06,-95.4773538E-03
+208.5000E-06,-55.2763492E-03
+208.7500E-06,-55.2763492E-03
+209.0000E-06,-55.2763492E-03
+209.2500E-06,-55.2763492E-03
+209.5000E-06,-55.2763492E-03
+209.7500E-06,-55.2763492E-03
+210.0000E-06,-95.4773538E-03
+210.2500E-06,-15.0753446E-03
+210.5000E-06,-15.0753446E-03
+210.7500E-06,-95.4773538E-03
+211.0000E-06,-55.2763492E-03
+211.2500E-06,-15.0753446E-03
+211.5000E-06,-55.2763492E-03
+211.7500E-06,-15.0753446E-03
+212.0000E-06,-55.2763492E-03
+212.2500E-06,-55.2763492E-03
+212.5000E-06,-55.2763492E-03
+212.7500E-06,-55.2763492E-03
+213.0000E-06,-55.2763492E-03
+213.2500E-06,-55.2763492E-03
+213.5000E-06,-95.4773538E-03
+213.7500E-06,-55.2763492E-03
+214.0000E-06,-15.0753446E-03
+214.2500E-06,-15.0753446E-03
+214.5000E-06,-55.2763492E-03
+214.7500E-06,-95.4773538E-03
+215.0000E-06,-55.2763492E-03
+215.2500E-06,-55.2763492E-03
+215.5000E-06,-55.2763492E-03
+215.7500E-06,-95.4773538E-03
+216.0000E-06,-55.2763492E-03
+216.2500E-06,-55.2763492E-03
+216.5000E-06,-95.4773538E-03
+216.7500E-06,-95.4773538E-03
+217.0000E-06,-55.2763492E-03
+217.2500E-06,-15.0753446E-03
+217.5000E-06,-55.2763492E-03
+217.7500E-06,-15.0753446E-03
+218.0000E-06,-15.0753446E-03
+218.2500E-06,-55.2763492E-03
+218.5000E-06,-55.2763492E-03
+218.7500E-06,-15.0753446E-03
+219.0000E-06,-55.2763492E-03
+219.2500E-06,-55.2763492E-03
+219.5000E-06,-55.2763492E-03
+219.7500E-06,-55.2763492E-03
+220.0000E-06,-55.2763492E-03
+220.2500E-06,-15.0753446E-03
+220.5000E-06,-55.2763492E-03
+220.7500E-06,-15.0753446E-03
+221.0000E-06,-15.0753446E-03
+221.2500E-06,-55.2763492E-03
+221.5000E-06,-55.2763492E-03
+221.7500E-06,-55.2763492E-03
+222.0000E-06,-55.2763492E-03
+222.2500E-06,-55.2763492E-03
+222.5000E-06,-95.4773538E-03
+222.7500E-06,-95.4773538E-03
+223.0000E-06,-55.2763492E-03
+223.2500E-06,-15.0753446E-03
+223.5000E-06,-55.2763492E-03
+223.7500E-06,-95.4773537E-03
+224.0000E-06,-15.0753446E-03
+224.2500E-06,-55.2763492E-03
+224.5000E-06,-15.0753446E-03
+224.7500E-06,-15.0753446E-03
+225.0000E-06,-55.2763492E-03
+225.2500E-06,-55.2763492E-03
+225.5000E-06,-55.2763492E-03
+225.7500E-06,-15.0753446E-03
+226.0000E-06,-55.2763492E-03
+226.2500E-06,-55.2763492E-03
+226.5000E-06,-15.0753446E-03
+226.7500E-06,-15.0753446E-03
+227.0000E-06,-55.2763492E-03
+227.2500E-06,-15.0753446E-03
+227.5000E-06,-15.0753446E-03
+227.7500E-06,-55.2763492E-03
+228.0000E-06,-55.2763492E-03
+228.2500E-06,-55.2763492E-03
+228.5000E-06,-15.0753446E-03
+228.7500E-06,-55.2763492E-03
+229.0000E-06,-15.0753446E-03
+229.2500E-06,-15.0753446E-03
+229.5000E-06,-55.2763492E-03
+229.7500E-06,-55.2763492E-03
+230.0000E-06,-15.0753446E-03
+230.2500E-06,-15.0753446E-03
+230.5000E-06,-55.2763492E-03
+230.7500E-06,-15.0753446E-03
+231.0000E-06,-95.4773538E-03
+231.2500E-06,-15.0753446E-03
+231.5000E-06,-15.0753446E-03
+231.7500E-06,-55.2763492E-03
+232.0000E-06,-15.0753446E-03
+232.2500E-06,-55.2763492E-03
+232.5000E-06,-15.0753446E-03
+232.7500E-06,-55.2763492E-03
+233.0000E-06,-95.4773537E-03
+233.2500E-06,-15.0753446E-03
+233.5000E-06,-15.0753446E-03
+233.7500E-06,-55.2763492E-03
+234.0000E-06,-55.2763492E-03
+234.2500E-06,-55.2763492E-03
+234.5000E-06,-55.2763492E-03
+234.7500E-06,-15.0753446E-03
+235.0000E-06,-55.2763492E-03
+235.2500E-06,-55.2763492E-03
+235.5000E-06,-55.2763492E-03
+235.7500E-06,-15.0753446E-03
+236.0000E-06,-55.2763492E-03
+236.2500E-06,-15.0753446E-03
+236.5000E-06,-55.2763492E-03
+236.7500E-06,-95.4773538E-03
+237.0000E-06,-55.2763492E-03
+237.2500E-06,-55.2763492E-03
+237.5000E-06,-55.2763492E-03
+237.7500E-06,-55.2763492E-03
+238.0000E-06,-15.0753446E-03
+238.2500E-06,-55.2763492E-03
+238.5000E-06,-55.2763492E-03
+238.7500E-06,-55.2763492E-03
+239.0000E-06,-15.0753446E-03
+239.2500E-06,-55.2763492E-03
+239.5000E-06,-55.2763492E-03
+239.7500E-06,-15.0753446E-03
+240.0000E-06,-55.2763492E-03
+240.2500E-06,-15.0753446E-03
+240.5000E-06,-55.2763492E-03
+240.7500E-06,-15.0753446E-03
+241.0000E-06,-15.0753446E-03
+241.2500E-06,-55.2763492E-03
+241.5000E-06,-15.0753446E-03
+241.7500E-06,-15.0753446E-03
+242.0000E-06,-15.0753446E-03
+242.2500E-06,-15.0753446E-03
+242.5000E-06,-55.2763492E-03
+242.7500E-06,-55.2763492E-03
+243.0000E-06,-15.0753446E-03
+243.2500E-06,-15.0753446E-03
+243.5000E-06,-15.0753446E-03
+243.7500E-06,-15.0753446E-03
+244.0000E-06,-55.2763492E-03
+244.2500E-06,-55.2763492E-03
+244.5000E-06,-15.0753446E-03
+244.7500E-06,-15.0753446E-03
+245.0000E-06,-15.0753446E-03
+245.2500E-06,-15.0753446E-03
+245.5000E-06,-15.0753446E-03
+245.7500E-06,-15.0753446E-03
+246.0000E-06,-95.4773537E-03
+246.2500E-06,-55.2763492E-03
+246.5000E-06,-15.0753446E-03
+246.7500E-06,-55.2763492E-03
+247.0000E-06,-15.0753446E-03
+247.2500E-06,-55.2763492E-03
+247.5000E-06,-15.0753446E-03
+247.7500E-06,-55.2763492E-03
+248.0000E-06,-15.0753446E-03
+248.2500E-06,-15.0753446E-03
+248.5000E-06,-95.4773538E-03
+248.7500E-06,-55.2763492E-03
+249.0000E-06,-15.0753446E-03
+249.2500E-06,-55.2763492E-03
+249.5000E-06,-55.2763492E-03
+249.7500E-06,-55.2763492E-03
+250.0000E-06,-55.2763492E-03
+250.2500E-06,-55.2763492E-03
+250.5000E-06,-55.2763492E-03
+250.7500E-06,-15.0753446E-03
+251.0000E-06,-15.0753446E-03
+251.2500E-06,-15.0753446E-03
+251.5000E-06,-55.2763492E-03
+251.7500E-06,-55.2763492E-03
+252.0000E-06,-15.0753446E-03
+252.2500E-06,-15.0753446E-03
+252.5000E-06,-15.0753446E-03
+252.7500E-06,-55.2763492E-03
+253.0000E-06,-15.0753446E-03
+253.2500E-06,-15.0753446E-03
+253.5000E-06,-15.0753446E-03
+253.7500E-06,-55.2763492E-03
+254.0000E-06,-15.0753446E-03
+254.2500E-06,-15.0753446E-03
+254.5000E-06,-55.2763492E-03
+254.7500E-06,-15.0753446E-03
+255.0000E-06,-55.2763492E-03
+255.2500E-06,-15.0753446E-03
+255.5000E-06,-55.2763492E-03
+255.7500E-06,-15.0753446E-03
+256.0000E-06,-55.2763492E-03
+256.2500E-06,-55.2763492E-03
+256.5000E-06,-15.0753446E-03
+256.7500E-06,-15.0753446E-03
+257.0000E-06,-55.2763492E-03
+257.2500E-06,-15.0753446E-03
+257.5000E-06,-15.0753446E-03
+257.7500E-06,-55.2763492E-03
+258.0000E-06,-55.2763492E-03
+258.2500E-06,-55.2763492E-03
+258.5000E-06,-15.0753446E-03
+258.7500E-06,-15.0753446E-03
+259.0000E-06,-55.2763492E-03
+259.2500E-06,-15.0753446E-03
+259.5000E-06,-15.0753446E-03
+259.7500E-06,-15.0753446E-03
+260.0000E-06,-55.2763492E-03
+260.2500E-06,-55.2763492E-03
+260.5000E-06,-15.0753446E-03
+260.7500E-06,-15.0753446E-03
+261.0000E-06,-55.2763492E-03
+261.2500E-06,-55.2763492E-03
+261.5000E-06,-15.0753446E-03
+261.7500E-06,-55.2763492E-03
+262.0000E-06,-15.0753446E-03
+262.2500E-06,-15.0753446E-03
+262.5000E-06,-15.0753446E-03
+262.7500E-06,-55.2763492E-03
+263.0000E-06,-15.0753446E-03
+263.2500E-06,-15.0753446E-03
+263.5000E-06,-15.0753446E-03
+263.7500E-06,-15.0753446E-03
+264.0000E-06,-55.2763492E-03
+264.2500E-06,-15.0753446E-03
+264.5000E-06,-15.0753446E-03
+264.7500E-06,-15.0753446E-03
+265.0000E-06,-15.0753446E-03
+265.2500E-06,-15.0753446E-03
+265.5000E-06,-15.0753446E-03
+265.7500E-06,-15.0753446E-03
+266.0000E-06,-15.0753446E-03
+266.2500E-06,-15.0753446E-03
+266.5000E-06,-15.0753446E-03
+266.7500E-06,-55.2763492E-03
+267.0000E-06,+25.1256600E-03
+267.2500E-06,-55.2763492E-03
+267.5000E-06,-55.2763492E-03
+267.7500E-06,-55.2763492E-03
+268.0000E-06,-55.2763492E-03
+268.2500E-06,-15.0753446E-03
+268.5000E-06,-55.2763492E-03
+268.7500E-06,-15.0753446E-03
+269.0000E-06,-55.2763492E-03
+269.2500E-06,-15.0753446E-03
+269.5000E-06,-15.0753446E-03
+269.7500E-06,-15.0753446E-03
+270.0000E-06,-55.2763492E-03
+270.2500E-06,-15.0753446E-03
+270.5000E-06,-15.0753446E-03
+270.7500E-06,-15.0753446E-03
+271.0000E-06,-55.2763492E-03
+271.2500E-06,-15.0753446E-03
+271.5000E-06,-15.0753446E-03
+271.7500E-06,-15.0753446E-03
+272.0000E-06,-55.2763492E-03
+272.2500E-06,-15.0753446E-03
+272.5000E-06,-15.0753446E-03
+272.7500E-06,-15.0753446E-03
+273.0000E-06,-15.0753446E-03
+273.2500E-06,-55.2763492E-03
+273.5000E-06,-55.2763492E-03
+273.7500E-06,-55.2763492E-03
+274.0000E-06,-15.0753446E-03
+274.2500E-06,+25.1256600E-03
+274.5000E-06,-15.0753446E-03
+274.7500E-06,-55.2763492E-03
+275.0000E-06,-15.0753446E-03
+275.2500E-06,-55.2763492E-03
+275.5000E-06,-55.2763492E-03
+275.7500E-06,-15.0753446E-03
+276.0000E-06,-15.0753446E-03
+276.2500E-06,+25.1256600E-03
+276.5000E-06,-55.2763492E-03
+276.7500E-06,-15.0753446E-03
+277.0000E-06,+25.1256600E-03
+277.2500E-06,-15.0753446E-03
+277.5000E-06,-15.0753446E-03
+277.7500E-06,-55.2763492E-03
+278.0000E-06,-15.0753446E-03
+278.2500E-06,-15.0753446E-03
+278.5000E-06,-15.0753446E-03
+278.7500E-06,-55.2763492E-03
+279.0000E-06,-15.0753446E-03
+279.2500E-06,-15.0753446E-03
+279.5000E-06,-15.0753446E-03
+279.7500E-06,-95.4773538E-03
+280.0000E-06,-15.0753446E-03
+280.2500E-06,-15.0753446E-03
+280.5000E-06,-15.0753446E-03
+280.7500E-06,-15.0753446E-03
+281.0000E-06,+25.1256600E-03
+281.2500E-06,-55.2763492E-03
+281.5000E-06,-55.2763492E-03
+281.7500E-06,-15.0753446E-03
+282.0000E-06,-15.0753446E-03
+282.2500E-06,-55.2763492E-03
+282.5000E-06,-55.2763492E-03
+282.7500E-06,-15.0753446E-03
+283.0000E-06,-15.0753446E-03
+283.2500E-06,-15.0753446E-03
+283.5000E-06,-15.0753446E-03
+283.7500E-06,-55.2763492E-03
+284.0000E-06,-15.0753446E-03
+284.2500E-06,-55.2763492E-03
+284.5000E-06,-15.0753446E-03
+284.7500E-06,-15.0753446E-03
+285.0000E-06,-15.0753446E-03
+285.2500E-06,-15.0753446E-03
+285.5000E-06,-15.0753446E-03
+285.7500E-06,-55.2763492E-03
+286.0000E-06,-55.2763492E-03
+286.2500E-06,-15.0753446E-03
+286.5000E-06,-15.0753446E-03
+286.7500E-06,-15.0753446E-03
+287.0000E-06,-15.0753446E-03
+287.2500E-06,-55.2763492E-03
+287.5000E-06,-55.2763492E-03
+287.7500E-06,-55.2763492E-03
+288.0000E-06,-15.0753446E-03
+288.2500E-06,-15.0753446E-03
+288.5000E-06,-55.2763492E-03
+288.7500E-06,-55.2763492E-03
+289.0000E-06,-15.0753446E-03
+289.2500E-06,-95.4773538E-03
+289.5000E-06,-15.0753446E-03
+289.7500E-06,-15.0753446E-03
+290.0000E-06,-15.0753446E-03
+290.2500E-06,-15.0753446E-03
+290.5000E-06,-15.0753446E-03
+290.7500E-06,-15.0753446E-03
+291.0000E-06,-55.2763492E-03
+291.2500E-06,-15.0753446E-03
+291.5000E-06,-55.2763492E-03
+291.7500E-06,-55.2763492E-03
+292.0000E-06,-15.0753446E-03
+292.2500E-06,-15.0753446E-03
+292.5000E-06,-55.2763492E-03
+292.7500E-06,+25.1256600E-03
+293.0000E-06,-15.0753446E-03
+293.2500E-06,-15.0753446E-03
+293.5000E-06,-15.0753446E-03
+293.7500E-06,-55.2763492E-03
+294.0000E-06,-15.0753446E-03
+294.2500E-06,-55.2763492E-03
+294.5000E-06,-15.0753446E-03
+294.7500E-06,-15.0753446E-03
+295.0000E-06,-15.0753446E-03
+295.2500E-06,-15.0753446E-03
+295.5000E-06,-15.0753446E-03
+295.7500E-06,-55.2763492E-03
+296.0000E-06,-15.0753446E-03
+296.2500E-06,-15.0753446E-03
+296.5000E-06,-15.0753446E-03
+296.7500E-06,-15.0753446E-03
+297.0000E-06,-15.0753446E-03
+297.2500E-06,-15.0753446E-03
+297.5000E-06,-55.2763492E-03
+297.7500E-06,-55.2763492E-03
+298.0000E-06,-55.2763492E-03
+298.2500E-06,-55.2763492E-03
+298.5000E-06,-55.2763492E-03
+298.7500E-06,-55.2763492E-03
+299.0000E-06,-55.2763492E-03
+299.2500E-06,-15.0753446E-03
+299.5000E-06,-15.0753446E-03
+299.7500E-06,-55.2763492E-03
+300.0000E-06,-15.0753446E-03
+300.2500E-06,-15.0753446E-03
+300.5000E-06,-15.0753446E-03
+300.7500E-06,-15.0753446E-03
+301.0000E-06,-15.0753446E-03
+301.2500E-06,-55.2763492E-03
+301.5000E-06,-15.0753446E-03
+301.7500E-06,-15.0753446E-03
+302.0000E-06,-15.0753446E-03
+302.2500E-06,-15.0753446E-03
+302.5000E-06,-15.0753446E-03
+302.7500E-06,-15.0753446E-03
+303.0000E-06,-15.0753446E-03
+303.2500E-06,-15.0753446E-03
+303.5000E-06,-15.0753446E-03
+303.7500E-06,-15.0753446E-03
+304.0000E-06,-15.0753446E-03
+304.2500E-06,-15.0753446E-03
+304.5000E-06,-15.0753446E-03
+304.7500E-06,-15.0753446E-03
+305.0000E-06,-15.0753446E-03
+305.2500E-06,-15.0753446E-03
+305.5000E-06,-15.0753446E-03
+305.7500E-06,-15.0753446E-03
+306.0000E-06,+25.1256600E-03
+306.2500E-06,-15.0753446E-03
+306.5000E-06,+25.1256600E-03
+306.7500E-06,+25.1256600E-03
+307.0000E-06,-55.2763492E-03
+307.2500E-06,-55.2763492E-03
+307.5000E-06,-15.0753446E-03
+307.7500E-06,-15.0753446E-03
+308.0000E-06,-15.0753446E-03
+308.2500E-06,-15.0753446E-03
+308.5000E-06,+25.1256600E-03
+308.7500E-06,-55.2763492E-03
+309.0000E-06,-15.0753446E-03
+309.2500E-06,-15.0753446E-03
+309.5000E-06,-55.2763492E-03
+309.7500E-06,-15.0753446E-03
+310.0000E-06,-15.0753446E-03
+310.2500E-06,-15.0753446E-03
+310.5000E-06,-15.0753446E-03
+310.7500E-06,-55.2763492E-03
+311.0000E-06,-15.0753446E-03
+311.2500E-06,-15.0753446E-03
+311.5000E-06,-55.2763492E-03
+311.7500E-06,-15.0753446E-03
+312.0000E-06,-15.0753446E-03
+312.2500E-06,-15.0753446E-03
+312.5000E-06,-15.0753446E-03
+312.7500E-06,-55.2763492E-03
+313.0000E-06,-55.2763492E-03
+313.2500E-06,-55.2763492E-03
+313.5000E-06,-55.2763492E-03
+313.7500E-06,-15.0753446E-03
+314.0000E-06,-15.0753446E-03
+314.2500E-06,-15.0753446E-03
+314.5000E-06,-15.0753446E-03
+314.7500E-06,-55.2763492E-03
+315.0000E-06,-55.2763492E-03
+315.2500E-06,-55.2763492E-03
+315.5000E-06,-15.0753446E-03
+315.7500E-06,-55.2763492E-03
+316.0000E-06,-15.0753446E-03
+316.2500E-06,-55.2763492E-03
+316.5000E-06,-15.0753446E-03
+316.7500E-06,-55.2763492E-03
+317.0000E-06,-55.2763492E-03
+317.2500E-06,-15.0753446E-03
+317.5000E-06,-55.2763492E-03
+317.7500E-06,-55.2763492E-03
+318.0000E-06,-15.0753446E-03
+318.2500E-06,-55.2763492E-03
+318.5000E-06,-55.2763492E-03
+318.7500E-06,-15.0753446E-03
+319.0000E-06,-55.2763492E-03
+319.2500E-06,-15.0753446E-03
+319.5000E-06,-55.2763492E-03
+319.7500E-06,-55.2763492E-03
+320.0000E-06,-15.0753446E-03
+320.2500E-06,-15.0753446E-03
+320.5000E-06,-55.2763492E-03
+320.7500E-06,-15.0753446E-03
+321.0000E-06,-15.0753446E-03
+321.2500E-06,-15.0753446E-03
+321.5000E-06,-55.2763492E-03
+321.7500E-06,-55.2763492E-03
+322.0000E-06,-55.2763492E-03
+322.2500E-06,-55.2763492E-03
+322.5000E-06,-55.2763492E-03
+322.7500E-06,-15.0753446E-03
+323.0000E-06,-55.2763492E-03
+323.2500E-06,-15.0753446E-03
+323.5000E-06,-95.4773538E-03
+323.7500E-06,-15.0753446E-03
+324.0000E-06,-15.0753446E-03
+324.2500E-06,-15.0753446E-03
+324.5000E-06,-55.2763492E-03
+324.7500E-06,-15.0753446E-03
+325.0000E-06,-55.2763492E-03
+325.2500E-06,-15.0753446E-03
+325.5000E-06,-55.2763492E-03
+325.7500E-06,-55.2763492E-03
+326.0000E-06,-15.0753446E-03
+326.2500E-06,-55.2763492E-03
+326.5000E-06,-15.0753446E-03
+326.7500E-06,-55.2763492E-03
+327.0000E-06,-55.2763492E-03
+327.2500E-06,-55.2763492E-03
+327.5000E-06,-55.2763492E-03
+327.7500E-06,-55.2763492E-03
+328.0000E-06,-55.2763492E-03
+328.2500E-06,-15.0753446E-03
+328.5000E-06,-15.0753446E-03
+328.7500E-06,-55.2763492E-03
+329.0000E-06,-55.2763492E-03
+329.2500E-06,-15.0753446E-03
+329.5000E-06,-55.2763492E-03
+329.7500E-06,-15.0753446E-03
+330.0000E-06,-55.2763492E-03
+330.2500E-06,-55.2763492E-03
+330.5000E-06,-55.2763492E-03
+330.7500E-06,-55.2763492E-03
+331.0000E-06,-55.2763492E-03
+331.2500E-06,-55.2763492E-03
+331.5000E-06,-15.0753446E-03
+331.7500E-06,-55.2763492E-03
+332.0000E-06,-55.2763492E-03
+332.2500E-06,-55.2763492E-03
+332.5000E-06,-55.2763492E-03
+332.7500E-06,-55.2763492E-03
+333.0000E-06,-55.2763492E-03
+333.2500E-06,-95.4773538E-03
+333.5000E-06,-15.0753446E-03
+333.7500E-06,-55.2763492E-03
+334.0000E-06,-15.0753446E-03
+334.2500E-06,-55.2763492E-03
+334.5000E-06,-55.2763492E-03
+334.7500E-06,-55.2763492E-03
+335.0000E-06,-95.4773538E-03
+335.2500E-06,-55.2763492E-03
+335.5000E-06,-55.2763492E-03
+335.7500E-06,-55.2763492E-03
+336.0000E-06,-95.4773538E-03
+336.2500E-06,-55.2763492E-03
+336.5000E-06,-55.2763492E-03
+336.7500E-06,-15.0753446E-03
+337.0000E-06,-55.2763492E-03
+337.2500E-06,-55.2763492E-03
+337.5000E-06,-55.2763492E-03
+337.7500E-06,-55.2763492E-03
+338.0000E-06,-55.2763492E-03
+338.2500E-06,-55.2763492E-03
+338.5000E-06,-55.2763492E-03
+338.7500E-06,-55.2763492E-03
+339.0000E-06,-55.2763492E-03
+339.2500E-06,-55.2763492E-03
+339.5000E-06,-55.2763492E-03
+339.7500E-06,-15.0753446E-03
+340.0000E-06,-15.0753446E-03
+340.2500E-06,-15.0753446E-03
+340.5000E-06,-55.2763492E-03
+340.7500E-06,-95.4773538E-03
+341.0000E-06,-55.2763492E-03
+341.2500E-06,-55.2763492E-03
+341.5000E-06,-55.2763492E-03
+341.7500E-06,-15.0753446E-03
+342.0000E-06,-15.0753446E-03
+342.2500E-06,-55.2763492E-03
+342.5000E-06,-55.2763492E-03
+342.7500E-06,-55.2763492E-03
+343.0000E-06,-55.2763492E-03
+343.2500E-06,-15.0753446E-03
+343.5000E-06,-55.2763492E-03
+343.7500E-06,-55.2763492E-03
+344.0000E-06,-55.2763492E-03
+344.2500E-06,-15.0753446E-03
+344.5000E-06,-95.4773538E-03
+344.7500E-06,-55.2763492E-03
+345.0000E-06,-55.2763492E-03
+345.2500E-06,-55.2763492E-03
+345.5000E-06,-55.2763492E-03
+345.7500E-06,-55.2763492E-03
+346.0000E-06,-55.2763492E-03
+346.2500E-06,-55.2763492E-03
+346.5000E-06,-95.4773538E-03
+346.7500E-06,-55.2763492E-03
+347.0000E-06,-55.2763492E-03
+347.2500E-06,-15.0753446E-03
+347.5000E-06,-55.2763492E-03
+347.7500E-06,-15.0753446E-03
+348.0000E-06,-55.2763492E-03
+348.2500E-06,-15.0753446E-03
+348.5000E-06,-55.2763492E-03
+348.7500E-06,-55.2763492E-03
+349.0000E-06,-55.2763492E-03
+349.2500E-06,-55.2763492E-03
+349.5000E-06,-55.2763492E-03
+349.7500E-06,-15.0753446E-03
+350.0000E-06,-55.2763492E-03
+350.2500E-06,-15.0753446E-03
+350.5000E-06,-15.0753446E-03
+350.7500E-06,-55.2763492E-03
+351.0000E-06,-95.4773538E-03
+351.2500E-06,-55.2763492E-03
+351.5000E-06,-55.2763492E-03
+351.7500E-06,-15.0753446E-03
+352.0000E-06,-55.2763492E-03
+352.2500E-06,-95.4773538E-03
+352.5000E-06,-15.0753446E-03
+352.7500E-06,-55.2763492E-03
+353.0000E-06,-55.2763492E-03
+353.2500E-06,-55.2763492E-03
+353.5000E-06,-55.2763492E-03
+353.7500E-06,-55.2763492E-03
+354.0000E-06,-55.2763492E-03
+354.2500E-06,-55.2763492E-03
+354.5000E-06,-95.4773538E-03
+354.7500E-06,-15.0753446E-03
+355.0000E-06,-55.2763492E-03
+355.2500E-06,-55.2763492E-03
+355.5000E-06,-55.2763492E-03
+355.7500E-06,-55.2763492E-03
+356.0000E-06,-55.2763492E-03
+356.2500E-06,-55.2763492E-03
+356.5000E-06,-55.2763492E-03
+356.7500E-06,-55.2763492E-03
+357.0000E-06,-95.4773538E-03
+357.2500E-06,-55.2763492E-03
+357.5000E-06,-15.0753446E-03
+357.7500E-06,-15.0753446E-03
+358.0000E-06,-15.0753446E-03
+358.2500E-06,-55.2763492E-03
+358.5000E-06,-55.2763492E-03
+358.7500E-06,-55.2763492E-03
+359.0000E-06,-15.0753446E-03
+359.2500E-06,-15.0753446E-03
+359.5000E-06,-55.2763492E-03
+359.7500E-06,-55.2763492E-03
+360.0000E-06,-55.2763492E-03
+360.2500E-06,-15.0753446E-03
+360.5000E-06,-55.2763492E-03
+360.7500E-06,-95.4773538E-03
+361.0000E-06,-95.4773538E-03
+361.2500E-06,-55.2763492E-03
+361.5000E-06,-15.0753446E-03
+361.7500E-06,-95.4773538E-03
+362.0000E-06,-55.2763492E-03
+362.2500E-06,-55.2763492E-03
+362.5000E-06,-55.2763492E-03
+362.7500E-06,-55.2763492E-03
+363.0000E-06,-55.2763492E-03
+363.2500E-06,-95.4773538E-03
+363.5000E-06,-55.2763492E-03
+363.7500E-06,-55.2763492E-03
+364.0000E-06,-55.2763492E-03
+364.2500E-06,-55.2763492E-03
+364.5000E-06,-55.2763492E-03
+364.7500E-06,-55.2763492E-03
+365.0000E-06,-55.2763492E-03
+365.2500E-06,-55.2763492E-03
+365.5000E-06,-55.2763492E-03
+365.7500E-06,-55.2763492E-03
+366.0000E-06,-55.2763492E-03
+366.2500E-06,-55.2763492E-03
+366.5000E-06,-15.0753446E-03
+366.7500E-06,-55.2763492E-03
+367.0000E-06,-55.2763492E-03
+367.2500E-06,-55.2763492E-03
+367.5000E-06,-55.2763492E-03
+367.7500E-06,-55.2763492E-03
+368.0000E-06,-15.0753446E-03
+368.2500E-06,-15.0753446E-03
+368.5000E-06,-95.4773538E-03
+368.7500E-06,-95.4773538E-03
+369.0000E-06,-15.0753446E-03
+369.2500E-06,-55.2763492E-03
+369.5000E-06,-55.2763492E-03
+369.7500E-06,-55.2763492E-03
+370.0000E-06,-55.2763492E-03
+370.2500E-06,-15.0753446E-03
+370.5000E-06,-95.4773538E-03
+370.7500E-06,-55.2763492E-03
+371.0000E-06,-15.0753446E-03
+371.2500E-06,-15.0753446E-03
+371.5000E-06,-95.4773538E-03
+371.7500E-06,-95.4773538E-03
+372.0000E-06,-15.0753446E-03
+372.2500E-06,-55.2763492E-03
+372.5000E-06,-55.2763492E-03
+372.7500E-06,-55.2763492E-03
+373.0000E-06,-95.4773538E-03
+373.2500E-06,-95.4773538E-03
+373.5000E-06,-95.4773538E-03
+373.7500E-06,-95.4773537E-03
+374.0000E-06,-95.4773538E-03
+374.2500E-06,-55.2763492E-03
+374.5000E-06,-55.2763492E-03
+374.7500E-06,-95.4773538E-03
+375.0000E-06,-95.4773537E-03
+375.2500E-06,-55.2763492E-03
+375.5000E-06,-55.2763492E-03
+375.7500E-06,-55.2763492E-03
+376.0000E-06,-95.4773538E-03
+376.2500E-06,-55.2763492E-03
+376.5000E-06,-55.2763492E-03
+376.7500E-06,-55.2763492E-03
+377.0000E-06,-95.4773538E-03
+377.2500E-06,-55.2763492E-03
+377.5000E-06,-55.2763492E-03
+377.7500E-06,-55.2763492E-03
+378.0000E-06,-95.4773538E-03
+378.2500E-06,-15.0753446E-03
+378.5000E-06,-55.2763492E-03
+378.7500E-06,-55.2763492E-03
+379.0000E-06,-55.2763492E-03
+379.2500E-06,-55.2763492E-03
+379.5000E-06,-15.0753446E-03
+379.7500E-06,-15.0753446E-03
+380.0000E-06,-55.2763492E-03
+380.2500E-06,-95.4773538E-03
+380.5000E-06,-95.4773538E-03
+380.7500E-06,-55.2763492E-03
+381.0000E-06,-55.2763492E-03
+381.2500E-06,-95.4773538E-03
+381.5000E-06,-55.2763492E-03
+381.7500E-06,-95.4773538E-03
+382.0000E-06,-55.2763492E-03
+382.2500E-06,-55.2763492E-03
+382.5000E-06,-55.2763492E-03
+382.7500E-06,-95.4773538E-03
+383.0000E-06,-55.2763492E-03
+383.2500E-06,-55.2763492E-03
+383.5000E-06,-15.0753446E-03
+383.7500E-06,-55.2763492E-03
+384.0000E-06,-55.2763492E-03
+384.2500E-06,-95.4773538E-03
+384.5000E-06,-95.4773537E-03
+384.7500E-06,-95.4773538E-03
+385.0000E-06,-55.2763492E-03
+385.2500E-06,-55.2763492E-03
+385.5000E-06,-95.4773538E-03
+385.7500E-06,-55.2763492E-03
+386.0000E-06,-95.4773538E-03
+386.2500E-06,-55.2763492E-03
+386.5000E-06,-55.2763492E-03
+386.7500E-06,-55.2763492E-03
+387.0000E-06,-55.2763492E-03
+387.2500E-06,-55.2763492E-03
+387.5000E-06,-95.4773538E-03
+387.7500E-06,-55.2763492E-03
+388.0000E-06,-55.2763492E-03
+388.2500E-06,-95.4773538E-03
+388.5000E-06,-95.4773538E-03
+388.7500E-06,-55.2763492E-03
+389.0000E-06,-55.2763492E-03
+389.2500E-06,-95.4773538E-03
+389.5000E-06,-55.2763492E-03
+389.7500E-06,-55.2763492E-03
+390.0000E-06,-55.2763492E-03
+390.2500E-06,-55.2763492E-03
+390.5000E-06,-55.2763492E-03
+390.7500E-06,-95.4773538E-03
+391.0000E-06,-95.4773538E-03
+391.2500E-06,-55.2763492E-03
+391.5000E-06,-95.4773538E-03
+391.7500E-06,-55.2763492E-03
+392.0000E-06,-95.4773538E-03
+392.2500E-06,-95.4773538E-03
+392.5000E-06,-55.2763492E-03
+392.7500E-06,-95.4773538E-03
+393.0000E-06,-95.4773538E-03
+393.2500E-06,-55.2763492E-03
+393.5000E-06,-55.2763492E-03
+393.7500E-06,-55.2763492E-03
+394.0000E-06,-55.2763492E-03
+394.2500E-06,-55.2763492E-03
+394.5000E-06,-95.4773538E-03
+394.7500E-06,-55.2763492E-03
+395.0000E-06,-95.4773538E-03
+395.2500E-06,-95.4773538E-03
+395.5000E-06,-95.4773537E-03
+395.7500E-06,-55.2763492E-03
+396.0000E-06,-55.2763492E-03
+396.2500E-06,-95.4773538E-03
+396.5000E-06,-55.2763492E-03
+396.7500E-06,-55.2763492E-03
+397.0000E-06,-15.0753446E-03
+397.2500E-06,-95.4773538E-03
+397.5000E-06,-55.2763492E-03
+397.7500E-06,-55.2763492E-03
+398.0000E-06,-95.4773537E-03
+398.2500E-06,-55.2763492E-03
+398.5000E-06,-95.4773538E-03
+398.7500E-06,-55.2763492E-03
+399.0000E-06,-15.0753446E-03
+399.2500E-06,-95.4773538E-03
+399.5000E-06,-55.2763492E-03
+399.7500E-06,-55.2763492E-03
